Language, 01_Subject Verb, 02_Verb Subject, 03_Verb Object, 04_Object Verb, 05_Subject Verb Object, 06_Subject Object Verb, 07_Verb Subject Object, 08_Verb Object Subject, 09_Object Subject Verb, 10_Object Verb Subject, 11_Adposition Noun_Phrase, 12_Noun_Phrase Adposition, 13_Adjective Noun, 14_Noun Adjective, 15_Numeral Noun, 16_Noun Numeral, 17_Demonstrative Noun, 18_Noun Demonstrative, 19_Possessor Noun, 20_Noun Possessor, 21_Pronominal Possessor Noun, 22_Noun Pronominal Possessor, A 01_Attributive Adjective Agreement, A 02_Predicate Adjective Agreement, A 03_Degree Adjective, A 04_Adjective Degree, AuxSel 01_Auxiliary Selection, C 01_Complementizer Clause, C 02_Clause Complementizer, C 03_Adverbial_Subordinator Clause, C 04_Clause Adverbial Subordinator, Extra Examples, N2 01_Numeral Noun (indefinite), N2 02_Noun Numeral (indefinite), N2 03_Numeral Noun (definite), N2 04_Noun Numeral (definite), N2 05_Definite NP (Num N; N Num) has a definite article, N2 06_Definite NP (Num N; N Num) has a demonstrative, N2 07_Definite NP (Num N; N Num) lacks a definite article or demonstrative, N2 08_Definite NP (Num N; N Num) contains a Plural marker, but Indefinite NP does not, N2 09_Definite NP (Num N; N Num) contains any other marking, N2 10_The Numeral has a different form in Definite and Indefinite (Num N; N Num) contexts, N2 11_The Noun has a different form in Definite and Indefinite (Num N; N Num) contexts, Neg 01_Standard Negation is Particle that Precedes the Verb, Neg 02_Standard Negation is Particle that Follows the verb, Neg 03_Standard Negation is Prefix, Neg 04_Standard Negation is Suffix, Neg 05_Standard Negation is Negative Auxiliary verb, Neg 06_Standard Negation is Higher verb, Neg 07_Standard Negation is Tone, Neg 08_Standard Negation is Tone plus Other Modification, Neg 09_Standard Negation is Reduplication, Neg 10_Standard Negation is Infix, Neg 11_Distinct Negation of Class/Property, Neg 12_Distinct Negation of identity, Neg 13_Distinct Negation of Existence, Neg 14_Distinct Negation of Location, Order N3 01_ Demonstrative Adjective Noun, Order N3 02_Demonstrative Noun Adjective, Order N3 03_ Noun Adjective Demonstrative, Order N3 04_Noun Demonstrative Adjective, Order N3 05_Adjective Demonstrative Noun, Order N3 06_Adjective Noun Demonstrative, Order N3 07_Demonstrative Numeral Noun, Order N3 08_Demonstrative Noun Numeral, Order N3 09_ Noun Numeral Demonstrative, Order N3 10_Noun Demonstrative Numeral, Order N3 11_Numeral Demonstrative Noun, Order N3 12_Numeral Noun Demonstrative, Q01_Initial polar Q-marker, Q02_Final polar Q-marker, Q03_Clause internal polar Q-marker, Q04_Polar question by intonation, Q05_Polar question by V-fronting, Q06_Polar question by Auxiliary-fronting, Q07_Q-marker follows narrow focus, Q08_Affirmative answer by particle, Q09_Affirmative answer by verb, Q10_Affirmative answer by auxiliary, Q11_Affirmative answer by auxiliary and verb, Q12_Affirmative answer by particle and verb, Q13_Affirmative answer by predicative 'be', Q14_Verb answer to indefinite subject question, Q15_Particle-and-verb answer to indefinite subject question, Q16NEGA_Negative answer by special negative particle, Q17NEGA_Negative answer by bare sentential negation, Q18NEGA_Negative answer by sentential negation plus bare verb, Q19ANegQ_Truth-based confirmation, Q20ANegQ_Polarity-based confirmation, Q21ANegQ_Polarity-reversing particle, Q22ANegQ_Polarity-reversing answer by affirmative and special particle, V2 01_Declarative Verb-Second, V2 02_Interrogative Verb-Second
=Hoan, yes, no, yes, no, yes, no, no, no, no, no, yes, yes, no, yes, no, yes, no, yes, yes, no, yes, no, yes, yes, no, yes, no, yes, no, yes, no, yes, no, yes, no, yes, no, yes, no, no, no, no, no, yes, no, no, no, no, no, no, no, no, no, no, no, yes, yes, no, no, yes, no, no, no, no, no, yes, no, no, no, no, yes, no, no, no, no, ns, yes, no, no, no, no, no, ns, ns, ns, ns, ns, ns, ns, ns, ns, no, no
Abaza, yes, ns, ns, yes, ns, yes, ns, ns, ns, ns, no, yes, ns, yes, ns, ns, ns, ns, yes, no, yes, no, no, no, ns, ns, ns, ns, ns, ns, ns, ns, ns, ns, ns, ns, ns, ns, ns, ns, ns, ns, ns, ns, ns, yes, yes, no, no, no, no, no, no, no, no, no, no, ns, yes, ns, ns, ns, ns, ns, ns, ns, ns, ns, ns, ns, ns, ns, ns, ns, ns, ns, ns, ns, ns, ns, ns, ns, ns, ns, ns, ns, ns, ns, ns, ns, ns, ns, ns
Acehnese, yes, no, yes, no, yes, no, no, no, no, no, yes, no, no, yes, yes, no, no, yes, no, yes, no, yes, no, no, no, yes, na, yes, no, yes, no, ns, yes, no, yes, no, no, yes, ns, no, no, no, no, yes, no, no, no, no, no, no, no, no, no, no, no, no, no, no, no, yes, no, no, no, no, no, no, no, no, yes, ns, ns, ns, ns, ns, ns, ns, ns, ns, ns, ns, ns, ns, ns, ns, ns, ns, ns, ns, ns, ns, ns, no, no
Adyghe, ns, ns, ns, ns, ns, ns, ns, ns, ns, ns, no, ns, ns, ns, ns, ns, ns, no, ns, no, ns, no, no, ns, ns, ns, ns, ns, ns, ns, ns, ns, ns, ns, ns, ns, ns, ns, ns, ns, ns, ns, ns, no, no, ns, ns, no, no, no, no, no, no, ns, ns, ns, ns, ns, ns, ns, ns, ns, ns, ns, ns, ns, ns, ns, ns, ns, ns, ns, ns, ns, ns, ns, ns, ns, ns, ns, ns, ns, ns, ns, ns, ns, ns, ns, ns, ns, ns, ns, ns
Afrikaans, yes, no, yes, yes, yes, yes, no, no, no, no, yes, yes, yes, no, yes, no, yes, no, yes, yes, yes, no, yes, no, yes, yes, no, yes, no, yes, no, na, yes, no, yes, no, yes, yes, no, no, no, no, no, no, yes, no, no, no, no, no, no, no, no, no, no, no, no, yes, no, no, no, no, no, yes, no, no, no, no, no, no, no, no, no, yes, yes, no, yes, no, no, no, no, no, no, no, yes, no, no, yes, yes, no, no, yes, yes
Agni indénié, yes, ns, yes, ns, yes, no, no, no, no, ns, no, yes, no, yes, no, yes, no, yes, yes, no, yes, ns, no, yes, no, no, ns, yes, ns, yes, ns, ns, no, yes, no, yes, yes, yes, no, ns, no, no, no, yes, yes, yes, ns, ns, ns, yes, ns, no, no, ns, ns, yes, ns, no, no, yes, no, no, no, ns, ns, yes, yes, ns, ns, yes, yes, ns, ns, ns, ns, no, yes, ns, ns, ns, ns, ns, ns, ns, yes, ns, ns, ns, ns, ns, ns, ns, ns
Albanian, yes, yes, yes, no, yes, no, yes, yes, no, no, yes, yes, no, yes, yes, no, yes, no, no, yes, no, yes, yes, yes, yes, yes, yes, yes, no, yes, no, no, yes, no, yes, no, no, yes, yes, no, no, no, no, yes, no, no, no, no, no, no, no, no, no, no, no, no, no, yes, yes, no, no, no, no, yes, no, no, no, yes, no, yes, no, no, yes, yes, ns, ns, yes, yes, no, yes, yes, no, yes, yes, yes, no, yes, na, yes, yes, yes, no, no
American Sign Language, yes, yes, yes, yes, yes, yes, yes, yes, no, no, yes, no, yes, yes, yes, yes, yes, yes, yes, yes, yes, no, no, no, yes, no, no, na, na, yes, no, ns, yes, ns, yes, ns, na, no, yes, no, no, no, no, no, no, no, na, no, no, na, na, no, no, no, no, yes, no, yes, ns, ns, ns, no, ns, ns, ns, ns, ns, ns, ns, ns, yes, no, yes, no, no, ns, yes, yes, yes, yes, yes, na, ns, ns, ns, ns, ns, ns, ns, ns, ns, no, no
Amharic, yes, no, yes, yes, no, yes, no, no, yes, no, yes, no, yes, no, yes, no, yes, no, yes, no, yes, yes, yes, yes, yes, no, no, yes, no, yes, yes, ns, yes, no, yes, no, yes, yes, no, yes, no, no, no, no, no, yes, yes, no, no, no, no, no, no, yes, yes, yes, yes, yes, no, no, no, no, no, yes, no, no, no, no, no, no, yes, no, yes, no, no, no, yes, yes, yes, yes, yes, no, yes, no, yes, no, yes, yes, no, no, no, no, no
Ancient Greek, yes, yes, yes, yes, yes, yes, yes, yes, yes, yes, yes, yes, yes, yes, yes, yes, yes, yes, yes, yes, yes, yes, yes, yes, yes, no, no, yes, no, yes, no, na, yes, yes, yes, no, yes, yes, no, no, no, no, no, yes, no, no, no, no, no, no, no, no, no, no, no, no, no, yes, no, no, yes, yes, yes, yes, no, no, no, yes, no, yes, no, no, yes, no, no, no, yes, yes, no, no, yes, no, no, no, no, yes, no, ns, ns, no, ns, no, no
Arabic Gulf, yes, yes, yes, no, yes, no, yes, no, no, yes, yes, no, no, yes, yes, yes, yes, yes, no, yes, no, yes, yes, yes, yes, yes, no, yes, na, yes, no, no, yes, no, no, yes, yes, yes, no, no, no, yes, no, yes, no, no, no, no, no, no, na, no, no, yes, yes, yes, yes, no, yes, yes, yes, no, no, yes, yes, yes, no, no, yes, no, no, no, yes, no, no, no, yes, yes, no, no, yes, no, no, yes, yes, no, no, no, yes, no, no, no, no
Atayal (Squliq), no, yes, yes, no, no, no, ns, ns, no, no, ns, ns, ns, ns, ns, ns, ns, ns, ns, ns, ns, ns, ns, ns, ns, ns, ns, ns, ns, ns, ns, ns, ns, ns, ns, ns, ns, ns, ns, ns, ns, ns, ns, ns, ns, ns, ns, ns, ns, ns, ns, ns, ns, ns, ns, ns, ns, ns, ns, ns, ns, ns, ns, ns, ns, ns, ns, ns, ns, ns, ns, ns, ns, ns, ns, ns, ns, ns, ns, ns, ns, ns, ns, ns, ns, ns, ns, ns, ns, ns, ns, ns, ns
Aymara, yes, ns, ns, ns, ns, ns, ns, ns, ns, ns, ns, ns, yes, no, yes, no, yes, no, yes, ns, ns, ns, no, ns, yes, ns, na, ns, ns, ns, ns, ns, ns, ns, ns, ns, ns, ns, ns, ns, ns, ns, ns, ns, ns, ns, ns, ns, ns, ns, ns, ns, ns, ns, ns, ns, ns, yes, no, no, no, no, no, ns, ns, ns, ns, ns, ns, ns, ns, ns, ns, ns, ns, ns, ns, ns, ns, ns, ns, ns, ns, ns, ns, ns, ns, ns, ns, ns, ns, ns, ns
Bafut, ns, ns, ns, ns, ns, ns, ns, ns, ns, ns, ns, ns, ns, ns, ns, ns, ns, ns, ns, ns, ns, ns, ns, ns, ns, ns, ns, ns, ns, ns, ns, ns, ns, ns, ns, ns, ns, ns, ns, ns, ns, ns, ns, ns, ns, ns, ns, ns, ns, ns, ns, ns, ns, ns, ns, ns, ns, ns, ns, ns, ns, ns, ns, ns, ns, ns, ns, ns, ns, ns, ns, ns, ns, ns, ns, ns, ns, ns, ns, ns, ns, ns, ns, ns, ns, ns, ns, ns, ns, ns, ns, ns, ns
Bajau West Coast, yes, yes, yes, yes, yes, no, yes, yes, no, yes, yes, no, no, yes, yes, no, no, yes, no, yes, no, yes, no, no, yes, yes, no, yes, no, yes, no, no, ns, ns, ns, ns, ns, ns, ns, ns, ns, ns, ns, yes, no, no, no, yes, no, no, no, no, no, no, yes, yes, no, no, no, yes, no, no, no, ns, ns, ns, ns, ns, ns, ns, ns, ns, ns, ns, ns, ns, ns, ns, ns, ns, ns, ns, ns, ns, ns, ns, ns, ns, ns, ns, ns, yes, no
Bambara, yes, no, no, yes, yes, yes, no, no, no, no, no, yes, no, yes, no, yes, yes, yes, yes, no, yes, no, no, no, no, yes, ns, yes, no, no, yes, no, no, yes, no, yes, no, yes, yes, yes, no, ns, ns, no, no, yes, no, yes, no, no, no, no, no, yes, no, no, no, no, no, yes, no, no, no, no, no, yes, ns, no, no, no, yes, ns, no, no, no, no, yes, no, no, no, no, no, no, no, yes, no, no, ns, ns, ns, ns, no, no
Bandial, yes, no, yes, no, yes, yes, no, no, yes, no, yes, no, no, yes, no, yes, no, yes, no, yes, ns, ns, yes, yes, na, na, ns, yes, yes, yes, yes, ns, no, yes, no, yes, yes, yes, no, no, no, no, no, yes, no, no, yes, no, no, no, no, no, no, yes, yes, yes, yes, no, no, no, yes, no, no, no, no, no, yes, no, no, yes, yes, yes, yes, no, no, no, yes, yes, yes, yes, yes, no, no, no, yes, yes, no, yes, no, yes, yes, ns, ns
Bardi, yes, yes, yes, yes, yes, yes, yes, yes, yes, yes, na, na, yes, yes, yes, yes, yes, yes, yes, yes, yes, yes, no, no, yes, yes, na, no, no, yes, no, yes, yes, yes, yes, yes, no, no, no, na, na, no, no, yes, no, no, no, na, na, na, na, no, no, no, no, yes, no, yes, yes, yes, yes, yes, yes, yes, yes, no, no, yes, yes, yes, no, yes, ns, no, na, ns, yes, no, na, na, ns, na, ns, ns, ns, ns, ns, ns, ns, ns, ns, no, no
Basaa, yes, no, yes, no, yes, no, no, no, no, no, yes, no, yes, yes, yes, yes, yes, yes, no, yes, no, yes, yes, yes, yes, yes, na, yes, no, yes, no, no, ns, ns, ns, ns, ns, ns, ns, ns, ns, ns, ns, no, yes, no, no, no, no, no, yes, no, no, ns, ns, ns, ns, yes, yes, yes, no, no, no, yes, yes, no, no, no, no, yes, yes, ns, no, no, no, no, yes, no, no, no, no, no, no, no, yes, no, no, yes, yes, yes, yes, na, na
Basque, yes, no, no, yes, no, yes, no, no, no, no, no, yes, yes, yes, yes, yes, yes, yes, yes, ns, ns, ns, no, yes, yes, yes, yes, na, na, yes, yes, yes, ns, ns, ns, ns, ns, ns, ns, ns, ns, ns, ns, ns, ns, ns, ns, ns, ns, ns, ns, ns, ns, ns, ns, ns, ns, yes, yes, yes, no, no, yes, ns, ns, ns, ns, ns, ns, ns, ns, ns, ns, ns, ns, ns, ns, ns, ns, ns, ns, ns, ns, ns, ns, ns, ns, ns, ns, ns, ns, ns, ns
Bellinzonese, yes, yes, yes, no, yes, no, no, no, no, no, yes, no, yes, yes, yes, no, yes, no, no, yes, yes, no, yes, yes, yes, yes, yes, yes, no, yes, no, yes, ns, ns, ns, ns, ns, ns, ns, ns, ns, ns, ns, no, yes, no, no, no, no, no, no, no, no, no, no, no, no, yes, yes, no, no, no, no, ns, ns, ns, ns, ns, ns, ns, ns, ns, ns, ns, ns, ns, ns, ns, ns, ns, ns, ns, ns, ns, ns, ns, ns, ns, ns, ns, ns, no, no
Beng, yes, no, no, yes, no, yes, no, no, no, no, no, yes, no, yes, no, yes, no, yes, yes, no, yes, no, yes, yes, no, yes, na, yes, no, yes, yes, no, no, yes, no, yes, ns, ns, ns, ns, ns, no, no, no, ns, no, no, ns, no, no, no, no, no, no, no, no, no, no, no, yes, no, no, no, no, ns, yes, no, no, no, ns, ns, ns, ns, ns, ns, ns, ns, ns, ns, ns, ns, ns, ns, ns, ns, ns, ns, ns, ns, ns, ns, no, no
Bengali, yes, no, no, yes, no, yes, no, no, no, ns, no, yes, yes, ns, yes, yes, yes, no, yes, no, yes, no, no, no, yes, ns, ns, yes, no, yes, no, ns, yes, yes, no, yes, ns, ns, yes, ns, ns, no, ns, ns, yes, no, no, no, no, no, no, no, no, ns, ns, ns, ns, yes, no, no, no, no, no, no, yes, no, no, no, no, ns, ns, ns, ns, ns, ns, ns, ns, ns, ns, ns, ns, ns, ns, ns, ns, ns, ns, ns, ns, ns, ns, no, no
Bole, yes, no, yes, no, yes, no, no, no, no, no, yes, no, no, yes, no, yes, no, yes, yes, no, no, yes, yes, yes, no, yes, no, yes, no, yes, no, no, no, yes, no, yes, yes, yes, no, no, no, no, no, no, yes, no, no, no, no, no, no, no, no, no, no, no, no, no, no, yes, yes, no, no, no, no, yes, yes, no, no, ns, ns, ns, ns, ns, ns, ns, ns, ns, ns, ns, ns, ns, ns, ns, ns, ns, ns, ns, ns, ns, ns, no, no
Brazilian Portuguese, yes, yes, yes, no, yes, no, no, no, no, no, yes, no, yes, yes, yes, no, yes, no, no, yes, yes, no, yes, yes, yes, yes, yes, yes, no, yes, no, yes, yes, no, yes, no, yes, yes, no, no, no, no, no, yes, no, no, no, no, no, no, no, no, no, no, no, no, no, yes, yes, no, no, no, no, yes, no, no, no, no, no, ns, ns, ns, ns, ns, ns, ns, ns, ns, ns, ns, ns, ns, ns, ns, ns, ns, ns, ns, ns, ns, ns, no, no
Breton, yes, yes, yes, no, yes, no, yes, no, no, no, yes, no, no, yes, yes, no, no, yes, no, yes, ns, ns, yes, no, yes, yes, yes, yes, no, yes, yes, yes, ns, ns, ns, ns, ns, ns, ns, ns, ns, ns, ns, ns, ns, ns, ns, ns, ns, ns, ns, ns, ns, ns, ns, ns, ns, no, no, yes, no, no, no, ns, ns, ns, ns, ns, ns, ns, ns, ns, ns, ns, ns, ns, ns, ns, ns, ns, ns, ns, ns, ns, ns, ns, ns, ns, ns, ns, ns, ns, ns
Bulgarian, yes, no, yes, no, yes, yes, no, no, no, no, yes, no, yes, no, yes, no, yes, no, yes, yes, yes, no, yes, yes, yes, no, no, yes, no, yes, no, yes, ns, ns, ns, ns, yes, yes, no, no, ns, ns, ns, yes, no, no, no, no, yes, no, no, no, no, no, no, yes, yes, yes, no, no, no, no, no, ns, ns, ns, ns, ns, ns, ns, ns, ns, ns, ns, ns, ns, ns, ns, ns, ns, ns, ns, ns, ns, ns, ns, ns, ns, ns, ns, ns, no, no
Burgenland-Romani, yes, no, yes, yes, yes, yes, no, no, yes, yes, yes, ns, yes, no, yes, ns, yes, ns, yes, ns, ns, ns, yes, yes, yes, no, na, yes, no, yes, no, ns, ns, ns, ns, ns, ns, ns, ns, ns, ns, ns, ns, ns, ns, ns, ns, ns, ns, ns, ns, ns, ns, ns, ns, ns, ns, ns, ns, ns, ns, ns, ns, ns, ns, ns, ns, ns, ns, ns, ns, ns, ns, ns, ns, ns, ns, ns, ns, ns, ns, ns, ns, ns, ns, ns, ns, ns, ns, ns, ns, ns, ns
Burmese, yes, no, no, yes, no, yes, no, no, no, no, no, yes, no, yes, no, yes, yes, no, yes, no, yes, no, no, no, yes, no, na, no, yes, no, yes, ns, no, yes, no, yes, no, yes, yes, no, ns, no, no, yes, yes, no, no, no, no, no, no, no, no, yes, no, no, no, yes, no, no, no, no, no, no, yes, no, no, no, no, no, yes, no, ns, ns, ns, ns, yes, yes, yes, yes, yes, ns, ns, ns, ns, ns, ns, ns, ns, ns, ns, ns, ns
Calabrian (Northern), yes, yes, yes, no, yes, no, no, yes, no, no, yes, no, no, yes, yes, no, yes, no, no, yes, no, yes, yes, yes, yes, yes, no, yes, no, yes, no, no, yes, no, yes, no, no, yes, yes, no, no, no, no, yes, no, no, no, no, no, no, no, no, no, no, no, no, no, no, yes, no, no, no, no, yes, no, no, no, no, no, no, no, no, yes, no, no, no, yes, no, no, no, no, no, no, no, yes, no, no, no, yes, no, no, no, no
Catalan, yes, yes, yes, no, yes, no, no, yes, no, no, yes, no, yes, yes, yes, no, yes, no, yes, yes, yes, yes, yes, yes, yes, yes, no, yes, no, yes, no, yes, yes, no, yes, no, yes, yes, no, no, no, no, no, yes, yes, no, no, no, no, no, no, no, no, no, no, no, no, yes, yes, no, no, no, no, yes, no, no, no, no, yes, no, no, no, yes, yes, yes, no, yes, no, no, no, no, no, no, no, no, yes, no, no, yes, no, no, no, no
Chalcatongo Mixtec, yes, yes, yes, no, no, no, yes, no, no, no, yes, no, no, yes, yes, no, ns, yes, no, yes, ns, ns, yes, no, no, yes, na, yes, no, yes, no, yes, ns, ns, ns, ns, ns, ns, ns, ns, ns, ns, ns, ns, ns, ns, ns, ns, ns, ns, ns, ns, ns, ns, ns, ns, ns, ns, ns, ns, ns, ns, ns, ns, ns, ns, ns, ns, ns, ns, ns, ns, ns, ns, ns, ns, ns, ns, ns, ns, ns, ns, ns, ns, ns, ns, ns, ns, ns, ns, ns, ns, ns
Chichewa, yes, yes, yes, no, yes, no, no, yes, no, no, yes, no, no, yes, no, yes, no, yes, no, yes, no, yes, yes, yes, no, yes, na, yes, no, yes, no, yes, ns, ns, ns, ns, ns, ns, ns, ns, ns, ns, ns, yes, no, no, no, no, no, no, no, no, no, yes, yes, yes, no, no, no, yes, yes, no, no, no, no, yes, yes, no, no, ns, ns, ns, ns, ns, ns, ns, ns, ns, ns, ns, ns, ns, ns, ns, ns, ns, ns, ns, ns, ns, ns, no, no
Chickasaw, yes, yes, yes, yes, yes, yes, no, no, yes, yes, na, na, na, na, no, yes, no, yes, yes, no, yes, no, na, na, na, na, na, no, yes, no, yes, no, no, yes, no, yes, no, no, yes, no, no, no, no, no, no, yes, yes, yes, no, no, no, no, no, no, no, no, no, na, na, na, na, na, na, no, no, yes, no, no, no, no, yes, no, yes, no, no, yes, yes, yes, no, no, yes, no, no, no, no, yes, no, no, no, no, no, no, no
Chol, no, yes, yes, no, no, no, yes, yes, no, no, yes, no, yes, no, yes, no, yes, no, no, yes, no, yes, no, yes, yes, no, na, yes, no, yes, no, yes, ns, ns, ns, ns, ns, ns, ns, ns, ns, ns, ns, yes, no, no, no, no, no, no, no, no, no, no, yes, yes, yes, yes, no, no, no, no, no, yes, no, no, no, no, no, ns, ns, ns, ns, ns, ns, ns, ns, ns, ns, ns, ns, ns, ns, ns, ns, ns, ns, ns, ns, ns, ns, no, no
Czech, yes, yes, yes, yes, yes, no, no, no, no, yes, yes, yes, yes, no, yes, no, yes, no, yes, yes, yes, no, yes, yes, yes, no, no, yes, no, yes, no, no, yes, no, yes, ns, yes, ns, no, no, ns, ns, ns, no, no, yes, no, no, no, no, no, no, no, no, no, no, no, yes, no, no, no, no, no, yes, no, no, no, no, no, no, no, no, no, yes, yes, no, yes, yes, yes, no, no, no, ns, ns, ns, ns, ns, ns, ns, ns, ns, no, no
Dagaare, yes, no, yes, no, yes, no, no, no, no, no, yes, yes, no, yes, no, yes, no, yes, no, yes, yes, no, yes, yes, no, yes, na, yes, no, yes, no, yes, no, yes, no, yes, yes, yes, no, no, no, no, no, yes, no, no, no, yes, no, no, no, no, no, no, no, yes, yes, no, no, yes, no, no, no, no, no, yes, yes, no, no, ns, ns, ns, ns, ns, ns, ns, ns, ns, ns, ns, ns, ns, ns, ns, ns, ns, ns, ns, ns, ns, ns, no, yes
Dholuo, yes, no, yes, no, ns, no, no, no, yes, no, yes, no, no, yes, no, yes, no, yes, no, yes, no, yes, yes, no, yes, no, na, yes, no, yes, no, no, no, yes, no, yes, yes, yes, no, no, no, no, no, yes, no, no, no, yes, no, no, no, no, no, no, no, yes, yes, no, no, yes, no, no, no, no, no, yes, no, no, no, yes, no, yes, yes, no, no, no, yes, yes, ns, ns, yes, no, ns, ns, yes, no, yes, ns, ns, ns, ns, no, no
Digo, yes, yes, yes, yes, yes, yes, no, yes, yes, yes, yes, no, no, yes, no, yes, yes, yes, no, yes, no, yes, yes, yes, no, yes, na, yes, no, yes, no, na, no, yes, no, yes, no, yes, no, no, no, no, no, no, no, yes, no, no, no, no, no, no, no, yes, yes, yes, yes, no, yes, no, yes, no, no, no, yes, no, yes, no, no, ns, ns, ns, ns, ns, ns, ns, ns, ns, ns, ns, ns, ns, ns, ns, ns, ns, ns, ns, ns, ns, ns, no, no
Digor Ossetic, yes, yes, yes, yes, yes, yes, yes, yes, yes, yes, yes, yes, yes, no, yes, no, yes, no, yes, no, yes, no, no, no, yes, no, na, no, no, no, no, no, yes, no, yes, no, no, yes, yes, no, no, no, no, yes, no, no, no, no, no, no, no, no, no, no, no, no, no, yes, no, no, no, no, no, yes, no, no, no, no, no, ns, ns, ns, ns, ns, ns, ns, ns, ns, ns, ns, ns, ns, ns, ns, ns, ns, ns, ns, ns, ns, ns, no, no
Djambarrpuyŋu, ns, ns, ns, yes, ns, ns, ns, ns, ns, ns, ns, ns, yes, yes, ns, ns, ns, ns, yes, ns, ns, ns, ns, ns, ns, ns, ns, ns, ns, ns, ns, ns, ns, ns, ns, ns, ns, ns, ns, ns, ns, ns, ns, ns, ns, ns, ns, ns, ns, ns, ns, ns, ns, ns, ns, ns, ns, ns, ns, ns, ns, ns, ns, ns, ns, ns, ns, ns, ns, ns, ns, ns, ns, ns, ns, ns, ns, ns, ns, ns, ns, ns, ns, ns, ns, ns, ns, ns, ns, ns, ns, ns, ns
Dutch, yes, no, yes, yes, yes, yes, no, no, no, no, yes, yes, yes, no, yes, no, yes, no, yes, yes, yes, no, yes, no, yes, yes, yes, yes, no, yes, no, yes, yes, no, yes, no, yes, yes, no, no, no, no, no, yes, yes, no, no, no, no, no, no, no, no, no, no, no, no, yes, no, no, no, no, no, yes, no, no, no, no, no, no, no, no, yes, yes, yes, no, yes, no, no, no, no, no, no, no, yes, no, no, no, yes, no, yes, yes, yes
Eastern Armenian, yes, yes, yes, yes, yes, yes, yes, yes, yes, yes, yes, yes, yes, no, yes, no, yes, yes, yes, no, yes, yes, no, no, yes, no, no, yes, no, yes, yes, ns, yes, no, yes, no, no, yes, yes, yes, yes, no, yes, yes, no, yes, no, yes, no, no, no, no, no, no, no, no, no, yes, no, no, no, no, no, yes, no, no, no, no, no, ns, ns, ns, ns, ns, ns, ns, ns, ns, ns, ns, ns, ns, ns, ns, ns, ns, ns, ns, ns, ns, ns, no, no
Egyptian Arabic, yes, yes, yes, ns, yes, ns, yes, no, no, no, yes, no, no, yes, yes, yes, ns, yes, no, yes, no, yes, yes, yes, ns, ns, ns, ns, ns, ns, ns, ns, ns, ns, ns, ns, ns, ns, ns, ns, ns, ns, ns, yes, no, no, no, no, no, no, no, no, no, ns, ns, ns, ns, ns, ns, ns, ns, ns, ns, ns, ns, ns, ns, ns, ns, ns, ns, ns, ns, ns, ns, ns, ns, ns, ns, ns, ns, ns, ns, ns, ns, ns, ns, ns, ns, ns, ns, ns, ns
English, yes, no, yes, no, yes, no, no, no, no, no, yes, no, yes, yes, yes, no, yes, no, yes, yes, yes, no, no, no, yes, yes, no, yes, no, yes, no, yes, yes, no, yes, no, yes, yes, no, no, no, no, no, yes, yes, no, yes, no, no, no, no, no, no, no, no, no, no, yes, yes, no, no, no, no, yes, no, no, no, no, no, no, no, no, no, no, yes, no, yes, no, no, no, no, no, no, no, yes, no, no, ns, yes, no, no, no, yes
English (Singapore), yes, no, yes, no, yes, no, no, no, no, no, yes, no, yes, yes, yes, no, yes, no, yes, yes, yes, no, no, no, yes, yes, no, yes, no, yes, no, no, yes, no, yes, no, yes, yes, yes, yes, no, no, no, yes, yes, no, yes, no, no, no, no, no, no, no, no, yes, yes, yes, no, no, no, no, no, yes, no, no, no, no, no, no, yes, no, no, no, yes, no, yes, no, no, no, no, no, no, no, no, no, no, no, yes, no, no, no, no
Estonian, ns, ns, ns, ns, ns, ns, ns, ns, ns, ns, yes, yes, yes, ns, yes, no, yes, no, yes, no, yes, no, yes, yes, yes, ns, ns, yes, no, ns, ns, ns, ns, ns, ns, ns, ns, ns, ns, ns, ns, ns, ns, ns, ns, ns, ns, ns, ns, ns, ns, ns, ns, ns, ns, ns, ns, ns, ns, ns, ns, ns, ns, ns, ns, ns, ns, ns, ns, ns, ns, ns, ns, ns, ns, ns, ns, ns, ns, ns, ns, ns, ns, ns, ns, ns, ns, ns, ns, ns, ns, yes, ns
European Portuguese, yes, yes, yes, no, yes, no, no, no, no, no, yes, no, yes, yes, yes, no, yes, no, no, yes, ns, ns, yes, yes, yes, no, yes, yes, no, yes, no, yes, ns, ns, ns, ns, ns, ns, ns, ns, ns, ns, ns, yes, no, no, no, no, no, no, no, no, no, no, no, no, no, yes, yes, no, no, no, no, ns, ns, ns, ns, ns, ns, ns, ns, ns, ns, ns, ns, ns, ns, ns, ns, ns, ns, ns, ns, ns, ns, ns, ns, ns, ns, ns, ns, ns, ns
Ewe, yes, no, yes, yes, yes, yes, no, no, no, no, yes, yes, no, yes, no, yes, no, yes, yes, no, yes, no, no, no, ns, ns, no, yes, no, yes, ns, yes, no, yes, no, yes, yes, ns, ns, ns, ns, ns, ns, yes, yes, no, no, no, no, no, no, no, no, no, no, no, no, no, no, yes, no, no, no, no, no, ns, ns, no, no, ns, ns, ns, ns, ns, ns, ns, ns, ns, ns, ns, ns, ns, ns, ns, ns, ns, ns, ns, ns, ns, ns, no, no
Farefari, yes, no, yes, no, yes, no, no, no, no, no, yes, yes, no, yes, no, yes, yes, yes, yes, no, yes, no, yes, no, na, na, na, yes, no, no, no, yes, ns, ns, ns, ns, ns, ns, ns, ns, ns, ns, ns, yes, no, no, no, ns, ns, no, ns, no, no, no, yes, yes, yes, no, no, yes, no, no, no, ns, ns, ns, ns, ns, ns, ns, ns, ns, ns, ns, ns, ns, ns, ns, ns, ns, ns, ns, ns, ns, ns, ns, ns, ns, ns, ns, ns, no, no
Faroese, yes, no, yes, no, yes, no, no, no, no, no, yes, no, yes, yes, yes, no, yes, no, yes, yes, yes, yes, yes, yes, yes, no, yes, yes, no, yes, no, yes, yes, yes, yes, no, yes, yes, no, no, no, no, no, no, yes, no, no, no, no, no, no, no, no, no, no, no, no, yes, no, no, no, no, no, yes, na, no, no, no, no, no, no, no, no, yes, yes, no, yes, no, no, no, no, no, no, no, no, no, no, no, yes, yes, no, yes, yes
Fijian, yes, yes, yes, no, yes, no, no, yes, no, no, yes, no, no, yes, yes, yes, ns, yes, no, yes, yes, no, no, no, ns, yes, na, yes, no, yes, no, ns, yes, yes, ns, yes, ns, ns, ns, ns, ns, ns, ns, yes, no, ns, no, yes, ns, ns, ns, ns, ns, yes, ns, ns, ns, ns, ns, ns, ns, ns, ns, ns, ns, ns, ns, ns, ns, ns, ns, ns, yes, ns, ns, ns, yes, ns, ns, ns, ns, ns, ns, ns, ns, ns, ns, ns, ns, ns, ns, no, no
Finnish, yes, yes, yes, no, yes, no, no, no, no, no, yes, yes, yes, no, yes, no, yes, no, yes, no, yes, yes, yes, yes, yes, no, no, yes, no, yes, no, no, yes, no, yes, no, no, yes, yes, no, no, no, no, no, no, no, no, yes, no, no, no, no, no, no, no, no, no, yes, no, no, no, no, no, yes, no, no, no, no, no, no, no, yes, no, yes, yes, yes, yes, yes, yes, yes, yes, no, yes, yes, no, yes, yes, no, yes, no, no, no, no
French, yes, no, yes, no, yes, no, no, no, no, no, yes, no, yes, yes, yes, no, yes, no, no, yes, yes, no, yes, yes, yes, no, yes, yes, no, yes, no, yes, yes, no, yes, no, yes, yes, no, no, no, no, no, yes, yes, no, no, no, no, no, no, no, no, no, no, no, no, yes, yes, no, no, no, no, yes, no, no, no, no, no, yes, no, no, yes, yes, yes, no, yes, no, no, no, no, no, no, no, yes, no, no, no, yes, yes, no, no, no
Frisian (West Frisian), yes, no, yes, yes, yes, yes, no, no, no, no, yes, yes, yes, no, yes, no, yes, no, yes, yes, yes, no, yes, no, yes, yes, yes, yes, no, yes, no, na, yes, no, yes, no, yes, yes, no, no, no, no, no, yes, yes, no, no, no, no, no, no, no, no, no, no, no, no, yes, no, no, no, no, no, yes, no, no, no, no, no, ns, ns, ns, ns, ns, ns, ns, ns, ns, ns, ns, ns, ns, ns, ns, ns, ns, ns, ns, ns, ns, ns, yes, yes
Ga, yes, no, yes, no, yes, no, no, no, no, no, yes, yes, no, yes, no, yes, yes, yes, yes, no, yes, no, yes, no, no, na, no, yes, no, yes, no, yes, no, yes, no, yes, yes, yes, no, no, no, no, no, no, no, no, no, yes, no, no, yes, no, no, no, yes, yes, yes, no, yes, yes, no, no, no, no, yes, yes, no, no, no, yes, yes, no, yes, no, na, no, yes, no, na, na, no, no, no, no, yes, yes, no, ns, ns, ns, ns, no, no
galician, yes, yes, yes, no, yes, no, yes, yes, no, yes, yes, no, yes, yes, yes, no, yes, no, no, yes, yes, yes, yes, yes, yes, no, na, yes, no, yes, no, ns, yes, no, yes, no, yes, yes, no, no, no, no, no, yes, no, no, no, no, no, no, no, no, no, no, no, no, no, yes, yes, no, no, no, no, yes, no, no, no, no, no, no, no, no, no, yes, no, no, yes, yes, no, no, no, no, yes, no, yes, yes, no, no, yes, no, no, no, yes
Garifuna, no, yes, yes, no, no, no, yes, no, no, no, yes, no, yes, yes, yes, no, no, yes, no, yes, yes, no, no, yes, ns, ns, na, yes, no, yes, no, no, yes, no, yes, no, no, no, yes, no, yes, yes, no, no, no, yes, no, no, no, no, no, no, no, ns, ns, ns, ns, no, no, no, no, no, yes, no, no, no, no, no, yes, no, no, yes, yes, no, no, no, yes, yes, no, yes, yes, no, ns, ns, yes, no, no, ns, ns, ns, ns, no, no
george test language, yes, ns, ns, ns, ns, ns, ns, ns, ns, ns, ns, ns, ns, ns, ns, ns, ns, ns, ns, ns, ns, ns, ns, ns, ns, ns, ns, ns, ns, ns, ns, ns, ns, ns, ns, ns, ns, ns, ns, ns, ns, ns, ns, ns, ns, ns, ns, ns, ns, ns, ns, ns, ns, ns, ns, ns, ns, ns, ns, ns, ns, ns, ns, ns, ns, ns, ns, ns, ns, ns, ns, ns, ns, ns, ns, ns, ns, ns, ns, ns, ns, ns, ns, ns, ns, ns, ns, ns, ns, ns, ns, ns, ns
georgian, yes, yes, yes, yes, yes, yes, yes, yes, yes, yes, no, yes, yes, no, yes, no, yes, no, yes, no, yes, no, yes, yes, yes, no, no, yes, no, yes, no, ns, yes, no, yes, no, no, no, yes, no, no, no, no, yes, no, no, no, no, no, no, no, no, no, no, no, no, no, yes, no, no, no, no, no, yes, no, no, no, no, no, no, no, no, yes, no, no, no, yes, yes, no, no, yes, no, no, no, yes, no, yes, yes, yes, yes, yes, no, yes
German, yes, no, yes, yes, yes, yes, no, no, no, no, yes, no, yes, no, yes, no, yes, no, yes, yes, yes, ns, yes, no, yes, yes, yes, yes, no, yes, no, yes, yes, no, yes, no, yes, yes, no, no, no, no, ns, yes, yes, no, no, no, no, no, no, no, no, no, no, yes, no, yes, no, no, no, no, no, yes, no, no, no, no, no, no, no, no, ns, yes, yes, no, yes, no, no, no, no, no, no, no, yes, no, no, ns, yes, yes, ns, yes, yes
Gitksan, ns, ns, ns, ns, ns, ns, ns, ns, ns, ns, ns, ns, ns, ns, ns, ns, ns, ns, ns, ns, ns, ns, ns, ns, ns, ns, ns, ns, ns, ns, ns, ns, ns, ns, ns, ns, ns, ns, ns, ns, ns, ns, ns, ns, ns, ns, ns, ns, ns, ns, ns, ns, ns, ns, ns, ns, ns, ns, ns, ns, ns, ns, ns, ns, ns, ns, ns, ns, ns, ns, ns, ns, ns, ns, ns, ns, ns, ns, ns, ns, ns, ns, ns, ns, ns, ns, ns, ns, ns, ns, ns, ns, ns
Greek, yes, yes, yes, no, yes, no, yes, yes, no, no, yes, no, yes, yes, yes, no, yes, yes, no, yes, no, yes, yes, yes, yes, no, no, yes, no, yes, no, yes, yes, no, yes, no, yes, yes, no, no, no, no, no, yes, no, no, no, no, no, no, no, no, no, no, no, no, no, yes, yes, no, yes, yes, yes, yes, no, yes, yes, yes, yes, no, no, no, no, yes, yes, no, yes, yes, yes, yes, no, no, yes, no, yes, no, yes, yes, yes, yes, yes, no, no
Greenlandic West (Kalaallisut), yes, no, no, yes, no, yes, no, no, no, no, no, yes, ns, yes, no, yes, yes, yes, yes, no, ns, ns, yes, ns, ns, no, no, na, na, na, na, ns, ns, ns, ns, ns, ns, ns, ns, ns, ns, ns, ns, ns, ns, ns, ns, ns, ns, ns, ns, ns, ns, ns, ns, ns, ns, ns, ns, yes, ns, ns, ns, ns, ns, ns, ns, ns, ns, ns, ns, ns, ns, ns, ns, ns, ns, ns, ns, ns, ns, ns, ns, ns, ns, ns, ns, ns, ns, ns, ns, ns, ns
Gungbe (Porto-Novo), yes, no, yes, yes, yes, yes, no, no, no, no, yes, yes, no, yes, no, yes, no, yes, yes, yes, no, yes, no, no, no, yes, no, yes, no, yes, no, no, no, yes, no, yes, yes, yes, yes, yes, no, no, no, yes, no, no, no, no, yes, no, no, no, no, no, no, no, no, no, no, yes, no, no, no, no, no, yes, no, no, no, no, yes, no, no, no, no, no, yes, no, no, no, no, no, no, no, yes, no, no, no, no, no, no, no, no
Gurene, yes, no, yes, no, yes, no, no, no, no, no, yes, yes, no, yes, no, yes, no, yes, yes, no, yes, yes, yes, no, yes, yes, na, yes, no, no, no, ns, ns, ns, ns, ns, ns, ns, ns, ns, ns, ns, ns, yes, no, no, no, no, no, no, no, no, no, no, no, no, no, no, no, yes, no, no, no, no, no, no, yes, no, no, ns, ns, ns, ns, ns, ns, ns, ns, ns, ns, ns, ns, ns, ns, ns, ns, ns, ns, ns, ns, ns, ns, no, no
Haitian, yes, no, yes, no, yes, no, no, no, no, no, yes, no, yes, yes, yes, no, no, yes, no, yes, no, yes, no, no, yes, no, na, yes, no, yes, no, no, yes, no, yes, no, no, yes, no, yes, no, no, no, yes, no, no, no, no, no, no, no, no, no, no, no, no, no, no, no, yes, no, no, yes, no, no, no, no, no, yes, yes, no, no, yes, no, no, no, yes, no, no, no, no, no, no, no, yes, no, no, no, yes, no, no, no, no
Hakka, yes, no, yes, no, yes, ns, no, no, no, no, yes, no, yes, no, yes, ns, yes, no, yes, no, yes, no, no, no, yes, ns, no, no, no, yes, no, ns, yes, no, yes, no, no, yes, no, no, no, no, no, yes, no, no, no, ns, ns, no, no, no, no, ns, ns, ns, ns, yes, no, no, no, yes, no, yes, no, no, no, no, no, ns, ns, ns, ns, ns, ns, ns, ns, ns, ns, ns, ns, ns, ns, ns, ns, ns, ns, ns, ns, ns, ns, no, no
Hanga, yes, no, yes, no, yes, no, no, no, yes, no, no, yes, no, yes, no, yes, no, yes, yes, no, ns, ns, no, no, no, yes, no, yes, no, yes, yes, na, ns, ns, ns, ns, ns, ns, ns, ns, ns, ns, ns, ns, ns, ns, ns, ns, ns, ns, ns, ns, ns, ns, ns, ns, ns, no, no, yes, no, no, no, ns, ns, ns, ns, ns, ns, ns, ns, ns, ns, ns, ns, ns, ns, ns, ns, ns, ns, ns, ns, ns, ns, ns, ns, ns, ns, ns, ns, ns, ns
Hausa, yes, no, yes, no, yes, no, no, no, no, no, yes, no, yes, yes, no, yes, yes, yes, no, yes, no, yes, yes, yes, na, na, no, yes, no, yes, no, no, no, yes, no, yes, yes, yes, no, yes, no, no, no, yes, yes, no, no, no, no, no, no, no, no, no, no, yes, no, yes, yes, no, yes, no, no, no, yes, no, no, no, no, no, yes, no, yes, no, no, no, yes, no, no, no, no, no, no, no, yes, no, no, yes, no, no, no, no, no
Hebrew, yes, yes, yes, no, yes, no, no, no, no, no, yes, no, no, yes, yes, yes, yes, yes, no, yes, no, yes, yes, yes, yes, yes, na, yes, no, yes, yes, no, ns, ns, ns, ns, ns, ns, ns, ns, ns, ns, ns, ns, ns, ns, ns, ns, ns, ns, ns, ns, ns, ns, ns, ns, ns, no, yes, yes, no, no, no, ns, ns, ns, ns, ns, ns, ns, ns, ns, ns, ns, ns, ns, ns, ns, ns, ns, ns, ns, ns, ns, ns, ns, ns, ns, ns, ns, ns, no, ns
Hindi, yes, no, no, yes, no, yes, no, no, no, no, no, yes, yes, no, yes, no, yes, no, yes, no, yes, no, yes, yes, yes, yes, no, yes, no, yes, no, yes, yes, no, yes, no, no, yes, ns, no, no, no, ns, no, no, no, no, yes, no, no, no, no, no, no, no, no, no, yes, no, no, no, no, no, yes, no, no, no, no, no, yes, yes, yes, yes, no, no, ns, ns, ns, ns, ns, ns, ns, ns, ns, ns, ns, ns, ns, ns, ns, ns, na, na
Hittite, yes, no, no, yes, no, yes, no, no, ns, no, yes, yes, yes, yes, yes, no, yes, no, yes, ns, yes, ns, yes, yes, na, na, ns, yes, no, yes, no, ns, ns, ns, ns, ns, ns, ns, ns, ns, ns, ns, ns, yes, no, no, no, ns, ns, no, no, no, no, ns, no, no, no, yes, no, no, ns, ns, ns, ns, ns, ns, ns, ns, ns, ns, ns, ns, ns, ns, ns, ns, ns, ns, ns, ns, ns, ns, ns, ns, ns, ns, ns, ns, ns, ns, ns, na, na
Hixkaryana, no, yes, no, yes, no, no, no, no, no, yes, no, yes, no, yes, yes, no, na, na, yes, no, yes, no, no, no, no, yes, no, na, na, no, yes, na, ns, ns, yes, no, no, no, yes, ns, no, ns, ns, no, no, no, yes, no, no, no, no, no, no, no, no, no, no, na, na, na, na, na, na, na, na, na, na, na, na, ns, ns, ns, ns, ns, ns, ns, ns, ns, ns, ns, ns, ns, ns, ns, ns, ns, ns, ns, ns, ns, ns, no, no
Hungarian, yes, yes, yes, yes, yes, yes, yes, no, no, no, no, yes, yes, no, yes, no, yes, no, yes, no, yes, no, no, yes, yes, no, na, yes, yes, yes, no, yes, yes, no, yes, no, yes, yes, no, no, no, no, no, yes, no, no, no, no, yes, no, no, no, no, no, no, yes, yes, yes, no, no, no, no, no, yes, no, no, no, no, no, no, no, yes, yes, no, na, no, yes, yes, na, na, yes, no, yes, yes, no, yes, yes, no, yes, yes, yes, no, no
Ibibio, yes, no, yes, no, yes, no, no, no, no, no, yes, no, yes, no, no, yes, no, yes, no, yes, no, yes, yes, yes, yes, yes, no, yes, no, yes, yes, no, no, yes, no, yes, yes, yes, no, no, yes, no, no, no, yes, no, yes, no, no, no, no, no, no, no, no, no, no, no, no, no, no, no, yes, no, no, yes, no, no, no, no, no, no, yes, no, no, no, yes, no, no, no, no, no, no, no, yes, no, no, yes, yes, no, no, yes, yes
Icelandic, yes, no, yes, no, yes, no, no, no, no, no, yes, no, yes, yes, yes, yes, yes, yes, no, yes, no, yes, yes, yes, yes, no, yes, yes, no, yes, no, yes, yes, no, no, yes, yes, yes, no, no, no, yes, yes, no, yes, no, no, no, no, no, no, no, no, no, no, no, no, yes, no, no, no, no, no, yes, no, no, no, no, no, no, no, no, no, yes, yes, no, yes, no, no, no, no, no, no, no, yes, no, no, no, yes, yes, no, yes, yes
Igala, yes, no, yes, no, yes, no, no, no, no, no, yes, no, no, yes, ns, yes, no, yes, no, yes, ns, yes, ns, ns, ns, ns, no, yes, no, ns, ns, ns, ns, ns, ns, ns, ns, ns, ns, ns, ns, ns, ns, yes, yes, no, no, no, no, no, yes, no, no, no, no, no, no, no, no, yes, ns, no, no, ns, ns, ns, ns, ns, ns, ns, ns, ns, ns, ns, ns, ns, ns, ns, ns, ns, ns, ns, ns, ns, ns, ns, ns, ns, ns, ns, ns, ns, ns
Iha, yes, no, no, yes, no, yes, no, no, no, no, yes, yes, no, yes, no, yes, no, yes, yes, yes, yes, yes, yes, no, no, yes, no, ns, ns, ns, ns, ns, no, yes, no, yes, no, yes, yes, no, no, no, no, na, na, no, no, no, no, no, no, no, no, ns, ns, ns, ns, no, no, yes, no, no, no, no, no, yes, no, no, no, no, yes, no, yes, no, no, no, yes, yes, no, yes, no, no, ns, ns, ns, ns, ns, ns, ns, ns, ns, no, no
Ilokano, no, yes, yes, no, no, no, yes, yes, no, no, yes, no, yes, yes, yes, no, yes, no, no, yes, ns, ns, no, no, yes, yes, no, yes, yes, yes, yes, yes, ns, ns, ns, ns, ns, ns, ns, ns, ns, ns, ns, ns, ns, ns, ns, ns, ns, ns, ns, ns, ns, ns, ns, ns, ns, yes, yes, no, no, no, no, ns, ns, ns, ns, ns, ns, ns, ns, ns, ns, ns, ns, ns, ns, ns, ns, ns, ns, ns, ns, ns, ns, ns, ns, ns, ns, ns, ns, ns, ns
imbabura quichua, yes, no, no, yes, no, yes, no, no, no, no, no, yes, yes, no, yes, no, yes, no, yes, no, yes, no, yes, yes, yes, no, no, na, na, na, na, na, yes, no, yes, no, no, yes, no, no, no, no, no, yes, no, no, yes, yes, no, no, no, no, no, no, no, no, no, yes, no, no, no, no, no, yes, no, no, no, no, no, no, yes, yes, no, no, no, yes, yes, yes, no, yes, yes, no, yes, yes, no, yes, yes, no, yes, no, no, no, no
Indonesian, yes, no, yes, no, yes, no, no, no, no, no, yes, no, no, yes, yes, yes, no, yes, no, yes, no, yes, no, no, yes, yes, na, yes, no, yes, no, yes, yes, yes, yes, yes, no, no, no, no, no, no, no, yes, no, no, no, no, no, no, no, no, no, no, yes, yes, no, no, no, yes, no, no, no, no, no, yes, no, no, no, yes, no, no, yes, no, na, no, yes, yes, na, na, no, na, ns, ns, ns, ns, ns, ns, ns, ns, ns, no, no
Irish, no, yes, yes, yes, no, no, yes, no, no, no, yes, no, yes, yes, yes, yes, no, yes, no, yes, ns, ns, yes, no, yes, no, na, yes, no, yes, no, ns, ns, ns, ns, ns, ns, ns, ns, ns, ns, ns, ns, ns, ns, ns, ns, ns, ns, ns, ns, ns, ns, ns, ns, ns, ns, no, no, ns, ns, no, no, ns, ns, ns, ns, ns, ns, ns, ns, ns, ns, ns, ns, ns, ns, ns, ns, ns, ns, ns, ns, ns, ns, ns, ns, ns, ns, ns, ns, ns, ns
Iron Ossetic, yes, yes, yes, yes, yes, yes, yes, yes, yes, yes, yes, yes, yes, no, yes, no, yes, no, yes, no, yes, no, no, no, yes, no, na, no, no, no, no, no, yes, no, yes, no, no, yes, yes, no, no, no, no, yes, no, no, no, no, no, no, no, no, no, no, no, no, no, yes, no, no, no, no, no, yes, no, no, no, no, no, ns, ns, ns, ns, ns, ns, ns, ns, ns, ns, ns, ns, ns, ns, ns, ns, ns, ns, ns, ns, ns, ns, no, no
Isbukun Bunun, no, yes, yes, no, no, no, yes, ns, no, no, yes, no, yes, no, yes, no, yes, yes, yes, no, yes, ns, no, no, yes, ns, no, yes, no, yes, no, ns, ns, ns, ns, ns, ns, ns, ns, ns, ns, ns, ns, ns, ns, ns, ns, ns, ns, no, no, no, no, ns, ns, yes, yes, yes, no, no, no, yes, ns, ns, ns, ns, ns, ns, ns, ns, ns, ns, ns, ns, ns, ns, ns, ns, ns, ns, ns, ns, ns, ns, ns, ns, ns, ns, ns, ns, ns, no, no
Italian, yes, yes, yes, no, yes, no, no, no, no, no, yes, no, yes, yes, yes, no, yes, no, no, yes, yes, no, yes, yes, yes, yes, yes, yes, no, yes, no, yes, yes, no, yes, no, yes, yes, no, no, no, no, no, yes, no, no, no, no, no, no, no, no, no, no, no, no, no, yes, yes, no, no, no, no, yes, no, no, no, no, no, no, no, no, yes, no, no, no, yes, no, no, no, no, no, no, no, yes, no, no, no, yes, no, no, no, no
Jamaican Creole English, yes, no, yes, no, yes, no, no, no, no, no, yes, no, yes, ns, yes, no, yes, ns, yes, yes, no, no, no, no, yes, ns, no, yes, no, yes, ns, ns, ns, ns, ns, ns, ns, ns, ns, ns, ns, ns, ns, yes, no, no, no, ns, ns, no, no, no, no, no, no, no, no, yes, ns, no, ns, ns, ns, yes, no, no, no, no, ns, yes, no, no, ns, no, no, no, yes, ns, no, no, no, no, no, no, no, yes, no, no, yes, no, no, no, no
Japanese, yes, no, no, yes, no, yes, no, no, yes, no, no, yes, yes, no, yes, yes, yes, no, yes, no, yes, no, no, no, yes, no, no, no, yes, no, yes, yes, yes, yes, yes, no, no, yes, yes, no, no, no, no, no, yes, no, no, no, no, no, no, no, no, no, no, yes, yes, yes, no, no, no, yes, no, yes, yes, no, no, yes, no, no, yes, no, yes, no, no, no, yes, yes, ns, yes, yes, no, yes, ns, yes, no, yes, yes, yes, no, no, no, no
Jarawara, yes, no, no, yes, no, yes, no, no, yes, no, no, yes, no, yes, na, na, yes, yes, yes, no, yes, no, yes, ns, ns, ns, na, na, na, no, yes, ns, ns, ns, ns, ns, ns, ns, ns, ns, ns, ns, ns, no, no, no, yes, no, no, no, no, no, no, no, no, no, no, no, yes, yes, ns, no, no, ns, ns, ns, ns, ns, ns, ns, ns, ns, ns, ns, ns, ns, ns, ns, ns, ns, ns, ns, ns, ns, ns, ns, ns, ns, ns, ns, ns, no, na
Jingulu, yes, yes, yes, yes, yes, yes, yes, yes, yes, yes, na, ns, na, ns, yes, yes, yes, no, yes, yes, ns, ns, yes, na, na, na, na, yes, no, na, na, yes, ns, ns, ns, ns, ns, ns, ns, ns, ns, ns, ns, ns, ns, ns, ns, ns, ns, ns, ns, ns, ns, ns, ns, ns, ns, na, na, na, na, na, na, ns, ns, ns, ns, ns, ns, ns, ns, ns, ns, ns, ns, ns, ns, ns, ns, ns, ns, ns, ns, ns, ns, ns, ns, ns, ns, ns, ns, ns, ns
Karachay, yes, no, yes, yes, yes, yes, no, no, yes, no, no, yes, yes, no, yes, no, yes, no, yes, no, ns, ns, no, no, yes, yes, no, no, yes, no, yes, yes, ns, ns, ns, ns, ns, ns, ns, ns, ns, ns, ns, ns, ns, ns, ns, ns, ns, ns, ns, ns, ns, ns, ns, ns, ns, yes, no, no, no, yes, no, ns, ns, ns, ns, ns, ns, ns, ns, ns, ns, ns, ns, ns, ns, ns, ns, ns, ns, ns, ns, ns, ns, ns, ns, ns, ns, ns, ns, ns, ns
Kayan, yes, no, yes, no, yes, no, no, no, no, no, yes, no, no, yes, no, yes, no, yes, yes, no, ns, ns, no, no, ns, ns, ns, ns, ns, yes, yes, ns, ns, ns, ns, ns, ns, ns, ns, ns, ns, ns, ns, yes, no, no, no, no, no, no, no, no, no, no, no, no, no, no, no, yes, no, no, no, ns, ns, ns, ns, ns, ns, ns, ns, ns, ns, ns, ns, ns, ns, ns, ns, ns, ns, ns, ns, ns, ns, ns, ns, ns, ns, ns, ns, no, no
Khasi, yes, yes, yes, no, yes, no, yes, no, no, no, yes, no, no, yes, yes, no, yes, no, no, yes, no, yes, yes, yes, ns, yes, ns, yes, no, ns, ns, ns, yes, no, yes, no, ns, ns, ns, ns, ns, ns, ns, yes, no, yes, no, no, no, no, no, no, ns, ns, ns, ns, ns, no, yes, no, ns, no, no, yes, no, no, no, no, no, ns, ns, ns, ns, ns, ns, ns, ns, ns, ns, ns, ns, ns, ns, ns, ns, ns, ns, ns, ns, ns, ns, yes, yes
KiLega, yes, no, yes, no, yes, no, no, no, no, no, yes, no, no, yes, no, yes, yes, no, no, yes, yes, yes, yes, yes, no, ns, na, yes, no, yes, no, no, no, yes, no, yes, no, yes, no, no, no, no, no, no, no, yes, no, no, no, no, no, no, no, no, no, no, no, no, yes, no, no, no, no, no, yes, no, no, no, no, ns, ns, ns, ns, ns, ns, ns, ns, ns, ns, ns, ns, ns, ns, ns, ns, ns, ns, ns, ns, ns, ns, no, no
Kindendeule, yes, no, yes, ns, ns, ns, ns, ns, ns, ns, yes, no, no, yes, no, yes, ns, yes, no, yes, ns, ns, yes, yes, no, yes, ns, yes, no, ns, ns, ns, ns, ns, ns, ns, ns, ns, ns, ns, ns, ns, ns, no, yes, ns, ns, ns, ns, ns, ns, ns, ns, ns, ns, ns, ns, ns, ns, ns, ns, ns, ns, ns, ns, ns, ns, ns, ns, ns, ns, ns, ns, ns, ns, ns, ns, ns, ns, ns, ns, ns, ns, ns, ns, ns, ns, ns, ns, ns, ns, ns, ns
Kiswahili, yes, yes, yes, no, yes, no, no, no, no, no, yes, no, no, yes, no, yes, yes, yes, no, yes, no, yes, yes, yes, no, yes, na, yes, no, yes, no, no, ns, ns, ns, ns, ns, ns, ns, ns, ns, ns, ns, no, no, yes, no, no, no, no, no, no, no, yes, yes, no, no, no, yes, yes, yes, no, no, ns, ns, ns, ns, ns, ns, ns, ns, ns, ns, ns, ns, ns, ns, ns, ns, ns, ns, ns, ns, ns, ns, ns, ns, ns, ns, ns, ns, no, no
Kiyaka, yes, yes, yes, yes, yes, yes, yes, yes, yes, yes, yes, no, no, yes, no, yes, no, yes, no, yes, no, yes, yes, yes, yes, no, na, yes, no, yes, no, ns, no, yes, no, yes, ns, no, yes, no, yes, no, no, no, yes, no, no, no, no, no, no, no, no, yes, yes, no, no, no, no, no, yes, no, no, no, no, no, no, no, no, ns, ns, ns, ns, ns, ns, ns, ns, ns, ns, ns, ns, ns, ns, ns, ns, ns, ns, ns, ns, ns, ns, no, no
Konni, yes, no, yes, no, yes, no, no, no, no, no, na, na, no, yes, no, yes, no, yes, yes, no, ns, ns, no, no, no, yes, no, yes, no, yes, no, ns, ns, ns, ns, ns, ns, ns, ns, ns, ns, ns, ns, ns, ns, ns, ns, ns, ns, ns, ns, ns, ns, ns, ns, ns, ns, no, no, yes, no, no, no, ns, ns, ns, ns, ns, ns, ns, ns, ns, ns, ns, ns, ns, ns, ns, ns, ns, ns, ns, ns, ns, ns, ns, ns, ns, ns, ns, ns, ns, ns
Korean, yes, no, no, yes, no, yes, no, no, yes, no, no, yes, yes, no, yes, yes, yes, no, yes, no, yes, no, no, no, yes, no, no, no, yes, yes, yes, yes, yes, yes, no, no, no, no, no, no, no, no, no, yes, yes, no, no, yes, no, no, no, no, no, no, no, no, no, yes, no, no, no, yes, no, yes, yes, no, no, yes, no, no, yes, no, yes, no, no, no, yes, yes, yes, yes, yes, no, yes, no, yes, no, yes, ns, no, no, no, no, no
Kuot, no, yes, yes, no, no, no, yes, no, no, no, yes, no, yes, yes, yes, yes, yes, no, no, yes, yes, yes, yes, yes, yes, yes, na, yes, no, yes, no, no, yes, no, yes, no, na, yes, no, no, no, no, no, yes, no, no, no, no, no, no, no, no, no, no, no, yes, yes, yes, yes, no, no, no, no, yes, yes, no, no, no, no, no, no, no, yes, no, no, no, yes, yes, no, yes, yes, na, no, no, yes, no, yes, yes, no, no, no, no, no
Kurdish (Sorani), yes, no, no, yes, no, yes, no, no, no, no, yes, no, no, yes, yes, no, yes, no, no, yes, no, yes, no, no, yes, no, na, yes, no, yes, no, ns, yes, no, yes, no, yes, yes, no, no, no, no, no, no, no, yes, no, no, no, no, no, no, no, no, no, no, no, no, yes, no, no, no, no, yes, no, no, no, no, no, no, no, no, yes, no, no, no, yes, no, no, no, no, no, no, no, no, yes, yes, no, yes, yes, no, no, no
Kusunda, yes, yes, yes, yes, yes, yes, no, no, yes, yes, no, yes, yes, no, yes, no, yes, no, yes, no, yes, no, no, no, ns, ns, yes, no, no, no, no, ns, yes, no, yes, no, no, yes, no, no, no, no, no, no, yes, no, no, yes, no, no, no, no, no, no, no, no, no, yes, no, no, no, no, no, yes, no, no, no, no, no, no, no, no, yes, no, no, no, no, yes, no, yes, no, no, na, na, no, no, no, ns, ns, ns, ns, no, no
Laal, yes, no, yes, no, yes, no, no, no, no, no, yes, no, na, na, no, yes, no, yes, no, yes, no, yes, na, na, na, na, na, yes, no, yes, no, na, no, yes, no, yes, na, na, na, no, na, no, no, no, yes, no, no, no, no, no, no, no, no, no, no, yes, no, na, na, na, na, na, na, no, no, yes, no, no, no, no, yes, no, no, no, no, na, no, no, no, no, no, no, na, na, yes, no, no, ns, ns, ns, ns, no, no
Lango, yes, no, yes, no, yes, no, no, no, no, no, yes, no, no, yes, no, yes, no, yes, no, yes, no, yes, yes, yes, no, yes, no, yes, no, yes, na, ns, no, yes, no, yes, yes, yes, ns, no, no, no, no, yes, no, no, no, no, no, no, no, no, no, no, ns, no, no, no, no, yes, no, no, no, no, no, yes, ns, no, no, no, no, no, yes, no, no, ns, ns, ns, ns, ns, ns, ns, ns, ns, ns, ns, ns, ns, ns, ns, ns, no, no
Lani, yes, no, no, yes, no, yes, no, no, no, no, no, yes, no, yes, no, yes, no, yes, yes, no, ns, ns, yes, yes, yes, yes, na, no, yes, ns, yes, yes, ns, ns, ns, ns, ns, ns, ns, ns, ns, ns, ns, ns, ns, ns, ns, ns, ns, ns, ns, ns, ns, ns, ns, ns, ns, no, no, yes, no, no, no, ns, ns, ns, ns, ns, ns, ns, ns, ns, ns, ns, ns, ns, ns, ns, ns, ns, ns, ns, ns, ns, ns, ns, ns, ns, ns, ns, ns, ns, ns
Lao, yes, no, yes, no, yes, no, no, no, no, no, yes, no, no, yes, yes, yes, no, yes, no, yes, no, yes, no, no, no, yes, na, yes, no, yes, no, ns, yes, yes, yes, yes, no, yes, ns, ns, ns, ns, no, yes, no, no, no, no, no, no, no, no, no, yes, yes, no, no, no, no, yes, no, no, no, no, no, yes, no, no, no, no, yes, ns, no, no, no, no, no, yes, ns, ns, ns, no, no, ns, no, ns, ns, yes, ns, ns, ns, no, no
Lebanese Arabic, yes, yes, yes, no, yes, no, yes, yes, no, no, yes, no, no, yes, yes, no, yes, yes, no, yes, no, yes, yes, yes, yes, yes, na, yes, no, na, na, no, yes, no, yes, yes, ns, ns, ns, ns, ns, ns, ns, yes, no, no, no, no, no, na, na, no, no, yes, yes, no, yes, no, yes, yes, no, no, no, yes, no, yes, no, no, yes, ns, ns, ns, ns, ns, ns, ns, ns, ns, ns, ns, ns, ns, ns, ns, ns, ns, ns, ns, ns, ns, ns, no, no
Lubukusu, yes, no, yes, no, yes, no, no, no, no, no, yes, no, no, yes, no, yes, no, yes, no, yes, no, yes, yes, yes, no, yes, na, yes, no, yes, no, no, ns, ns, ns, ns, ns, ns, ns, ns, ns, ns, ns, no, yes, yes, no, no, no, no, no, no, no, no, no, no, no, no, no, yes, no, no, no, ns, ns, ns, ns, ns, ns, ns, ns, ns, ns, ns, ns, ns, ns, ns, ns, ns, ns, ns, ns, ns, ns, ns, ns, ns, ns, ns, ns, no, no
Maasai (Kisongo), no, yes, yes, no, no, no, yes, yes, no, no, yes, no, yes, yes, no, yes, yes, no, no, yes, no, yes, yes, yes, ns, ns, na, yes, no, yes, no, no, no, yes, no, yes, ns, ns, ns, no, no, no, no, yes, no, yes, no, yes, yes, no, yes, no, no, no, no, no, no, yes, yes, no, no, no, no, no, yes, no, no, no, no, yes, no, no, ns, no, no, ns, yes, no, yes, ns, yes, ns, ns, ns, no, yes, yes, ns, ns, ns, ns, no, no
Malagasy, no, yes, yes, no, no, no, yes, yes, no, no, yes, no, no, yes, no, yes, yes, yes, no, yes, no, yes, no, no, yes, yes, na, yes, no, yes, no, yes, no, yes, no, yes, yes, yes, no, no, no, no, no, yes, no, no, no, no, no, no, no, no, no, no, no, no, no, no, yes, yes, no, no, no, no, yes, yes, no, no, no, no, no, yes, no, no, no, yes, yes, no, no, no, no, no, no, no, yes, no, no, yes, no, no, no, no, no
Malayalam, yes, no, no, yes, no, yes, no, no, no, no, no, yes, yes, no, yes, yes, yes, no, yes, no, yes, no, ns, ns, ns, ns, ns, ns, ns, ns, ns, ns, yes, no, no, yes, no, yes, yes, no, no, no, no, ns, ns, ns, ns, ns, ns, ns, ns, ns, ns, ns, ns, ns, ns, yes, no, no, no, no, no, yes, yes, no, no, no, no, no, yes, no, no, no, no, yes, yes, yes, yes, yes, yes, no, yes, yes, no, yes, no, no, yes, no, no, ns, ns
Mamaindé, ns, ns, ns, ns, ns, ns, ns, ns, ns, ns, ns, ns, ns, ns, ns, ns, ns, ns, ns, ns, ns, ns, ns, ns, ns, ns, ns, ns, ns, ns, ns, ns, ns, ns, ns, ns, ns, ns, ns, ns, ns, ns, ns, ns, ns, ns, ns, ns, ns, ns, ns, ns, ns, ns, ns, ns, ns, ns, ns, ns, ns, ns, ns, ns, ns, ns, ns, ns, ns, ns, ns, ns, ns, ns, ns, ns, ns, ns, ns, ns, ns, ns, ns, ns, ns, ns, ns, ns, ns, ns, ns, ns, ns
Mandarin, yes, yes, yes, yes, yes, yes, no, no, no, no, yes, yes, yes, no, yes, yes, yes, no, yes, no, yes, no, no, no, yes, no, no, na, na, yes, no, yes, yes, yes, yes, no, no, yes, no, no, no, no, no, yes, no, no, no, yes, no, no, no, no, no, no, no, yes, no, yes, no, no, no, yes, no, yes, no, no, no, no, no, no, yes, no, no, no, no, no, yes, yes, yes, yes, no, yes, no, no, no, yes, yes, yes, yes, no, no, no, no
Mankanya, yes, no, yes, no, ns, no, no, no, no, no, yes, ns, ns, ns, ns, yes, ns, ns, no, yes, ns, ns, ns, ns, ns, ns, ns, ns, ns, ns, ns, ns, ns, ns, ns, ns, ns, ns, ns, ns, ns, ns, ns, ns, ns, ns, ns, ns, ns, ns, ns, ns, ns, ns, ns, ns, ns, ns, ns, ns, ns, ns, ns, ns, ns, ns, ns, ns, ns, ns, ns, ns, ns, ns, ns, ns, ns, ns, ns, ns, ns, ns, ns, ns, ns, ns, ns, ns, ns, ns, ns, ns, ns
Maori, yes, yes, yes, no, yes, yes, yes, no, no, no, yes, no, no, yes, yes, yes, yes, yes, yes, yes, yes, no, yes, yes, yes, yes, na, na, na, yes, no, yes, yes, ns, ns, yes, yes, yes, ns, ns, ns, ns, ns, no, no, no, no, no, yes, no, no, no, no, no, no, no, no, no, yes, no, no, no, no, ns, ns, ns, ns, ns, ns, ns, ns, ns, ns, ns, ns, ns, ns, ns, ns, ns, ns, ns, ns, ns, ns, ns, ns, ns, ns, ns, ns, no, no
Marshallese, yes, yes, yes, no, yes, no, no, no, no, no, yes, no, no, yes, yes, yes, no, yes, no, yes, no, yes, yes, na, na, na, na, yes, no, yes, no, na, yes, no, no, yes, yes, yes, ns, ns, no, no, no, yes, no, no, no, no, no, no, no, no, no, no, no, yes, no, no, no, yes, no, no, no, no, no, no, yes, no, no, no, no, yes, ns, no, no, ns, yes, no, no, no, no, no, no, no, yes, no, no, ns, ns, no, no, no, no
Masarak, yes, no, yes, yes, yes, yes, no, no, yes, no, no, yes, no, yes, no, yes, no, yes, no, yes, ns, ns, yes, yes, yes, yes, na, na, na, yes, no, ns, ns, ns, ns, ns, ns, ns, ns, ns, ns, ns, ns, ns, ns, ns, ns, ns, ns, ns, ns, ns, ns, ns, ns, ns, ns, no, no, yes, no, no, no, ns, ns, ns, ns, ns, ns, ns, ns, ns, ns, ns, ns, ns, ns, ns, ns, ns, ns, ns, ns, ns, ns, ns, ns, ns, ns, ns, ns, ns, ns
Mbuko, yes, no, yes, no, yes, no, no, no, no, no, yes, no, no, yes, no, yes, no, yes, no, yes, ns, ns, ns, ns, na, na, ns, ns, ns, ns, ns, ns, ns, ns, ns, ns, ns, ns, ns, ns, ns, ns, ns, ns, ns, ns, ns, ns, ns, ns, ns, ns, ns, ns, ns, ns, ns, no, no, yes, no, no, no, ns, ns, ns, ns, ns, ns, ns, ns, ns, ns, ns, ns, ns, ns, ns, ns, ns, ns, ns, ns, ns, ns, ns, ns, ns, ns, ns, ns, ns, ns
Medumba, yes, no, yes, no, yes, no, no, no, no, no, yes, no, yes, yes, yes, yes, no, yes, no, yes, ns, ns, no, no, no, yes, na, yes, no, ns, ns, no, yes, yes, ns, ns, ns, ns, ns, ns, ns, ns, ns, yes, no, no, no, ns, ns, ns, ns, no, no, ns, ns, ns, ns, no, no, yes, no, no, no, no, no, yes, yes, no, yes, ns, ns, ns, ns, ns, ns, ns, ns, ns, ns, ns, ns, ns, ns, ns, ns, ns, ns, ns, ns, ns, ns, no, no
Meeteilon, ns, ns, ns, ns, ns, ns, ns, ns, ns, ns, ns, ns, ns, ns, ns, ns, ns, ns, ns, ns, ns, ns, ns, ns, ns, ns, ns, ns, ns, ns, ns, ns, ns, ns, ns, ns, ns, ns, ns, ns, ns, ns, ns, ns, ns, ns, ns, ns, ns, ns, ns, ns, ns, ns, ns, ns, ns, ns, ns, ns, ns, ns, ns, ns, ns, ns, ns, ns, ns, ns, ns, ns, ns, ns, ns, ns, ns, ns, ns, ns, ns, ns, ns, ns, ns, ns, ns, ns, ns, ns, ns, ns, ns
Middle Dutch, yes, no, yes, yes, yes, yes, no, no, no, no, yes, yes, yes, yes, yes, yes, yes, no, yes, yes, yes, yes, yes, no, yes, yes, yes, yes, no, yes, no, na, ns, ns, ns, ns, ns, ns, ns, ns, ns, ns, ns, no, no, yes, no, no, no, no, no, no, no, no, no, no, no, yes, yes, no, no, no, no, yes, no, no, no, no, no, ns, ns, ns, ns, ns, ns, ns, ns, ns, ns, ns, ns, ns, ns, ns, ns, ns, ns, ns, ns, ns, ns, yes, yes
Miya, yes, yes, yes, no, yes, no, no, yes, no, no, yes, no, yes, yes, no, yes, yes, yes, no, yes, no, yes, yes, yes, ns, ns, na, yes, no, yes, no, na, no, yes, no, yes, yes, yes, no, ns, no, no, no, yes, yes, no, yes, no, no, no, no, no, no, no, no, no, no, yes, yes, no, no, no, no, no, yes, no, no, no, no, ns, ns, ns, ns, ns, ns, ns, ns, ns, ns, ns, ns, ns, ns, ns, ns, ns, ns, ns, ns, ns, ns, no, na
Moskona, ns, ns, ns, ns, ns, ns, ns, ns, ns, ns, ns, ns, ns, ns, ns, ns, ns, ns, ns, ns, ns, ns, ns, ns, ns, yes, ns, ns, ns, ns, ns, ns, ns, ns, ns, ns, ns, ns, ns, ns, ns, ns, ns, ns, ns, ns, ns, ns, ns, ns, ns, ns, ns, ns, ns, ns, ns, ns, ns, ns, ns, ns, ns, ns, ns, ns, ns, ns, ns, ns, ns, ns, ns, ns, ns, ns, ns, ns, ns, ns, ns, ns, ns, ns, ns, ns, ns, ns, ns, ns, ns, ns, ns
N|u, yes, no, yes, no, yes, yes, no, no, no, no, yes, yes, no, yes, ns, ns, yes, yes, yes, ns, yes, no, ns, ns, ns, ns, no, ns, ns, ns, ns, yes, ns, ns, ns, ns, ns, ns, ns, ns, ns, ns, ns, yes, no, no, no, no, no, no, no, no, no, ns, ns, ns, ns, ns, ns, ns, ns, ns, ns, ns, ns, ns, ns, ns, ns, ns, ns, ns, ns, ns, ns, ns, ns, ns, ns, ns, ns, ns, ns, ns, ns, ns, ns, ns, ns, ns, ns, no, no
Nahuatl (Central Huasteca), yes, yes, yes, yes, yes, yes, yes, no, no, no, yes, yes, yes, yes, yes, no, yes, no, yes, yes, yes, no, yes, yes, yes, yes, no, yes, no, yes, no, ns, yes, no, yes, no, no, yes, yes, no, no, no, no, yes, no, yes, no, no, no, no, no, no, no, no, no, no, no, yes, yes, no, no, no, no, yes, yes, no, no, no, no, no, no, no, yes, no, no, ns, yes, no, no, no, yes, no, yes, ns, no, yes, ns, yes, no, ns, ns, no, no
Nahuatl (Classical), yes, yes, yes, yes, yes, ns, yes, yes, no, yes, yes, yes, yes, yes, yes, no, yes, yes, yes, yes, yes, no, no, no, yes, no, no, no, no, yes, no, ns, yes, no, yes, no, yes, yes, no, no, no, no, no, yes, no, yes, no, no, no, no, no, no, no, no, no, no, no, yes, yes, no, no, yes, no, yes, no, no, no, no, no, ns, ns, ns, ns, ns, ns, ns, ns, ns, ns, ns, ns, ns, ns, ns, ns, ns, ns, ns, ns, ns, ns, no, no
Naki, yes, no, yes, yes, yes, yes, no, no, no, no, yes, no, no, yes, no, yes, no, yes, no, yes, ns, ns, yes, ns, ns, ns, na, yes, no, yes, ns, no, ns, ns, ns, ns, ns, ns, ns, ns, ns, ns, ns, ns, ns, ns, ns, ns, ns, ns, ns, ns, ns, ns, ns, ns, ns, no, no, ns, ns, no, no, ns, ns, ns, ns, ns, ns, ns, ns, ns, ns, ns, ns, ns, ns, ns, ns, ns, ns, ns, ns, ns, ns, ns, ns, ns, ns, ns, ns, ns, ns
Nawdm, yes, no, yes, no, yes, no, no, no, no, no, yes, yes, no, yes, no, yes, yes, yes, yes, no, yes, no, no, ns, no, yes, ns, yes, no, yes, no, ns, no, yes, no, yes, yes, yes, ns, ns, ns, ns, ns, yes, no, no, no, yes, no, ns, no, no, no, ns, yes, ns, ns, no, yes, yes, no, no, no, no, yes, yes, no, no, no, no, ns, no, ns, no, no, ns, ns, ns, ns, ns, ns, ns, ns, ns, ns, ns, ns, ns, ns, ns, ns, ns, ns
Ndut, yes, no, yes, no, yes, no, no, no, no, no, yes, no, no, yes, no, yes, no, yes, no, yes, ns, ns, yes, yes, no, ns, na, yes, no, yes, yes, ns, ns, ns, ns, ns, ns, ns, ns, ns, ns, ns, ns, ns, ns, ns, ns, ns, ns, ns, ns, ns, ns, ns, ns, ns, ns, no, no, yes, no, no, no, ns, ns, ns, ns, ns, ns, ns, ns, ns, ns, ns, ns, ns, ns, ns, ns, ns, ns, ns, ns, ns, ns, ns, ns, ns, ns, ns, ns, ns, ns
Nepali, yes, no, no, yes, no, yes, no, no, no, no, no, yes, yes, no, yes, no, yes, no, yes, no, yes, no, yes, yes, yes, no, yes, yes, no, no, yes, ns, yes, no, yes, no, no, yes, no, no, no, no, no, no, no, yes, yes, no, no, no, no, no, no, yes, yes, yes, no, yes, no, no, no, no, no, yes, no, no, no, no, no, no, yes, no, yes, no, no, no, yes, yes, yes, yes, yes, yes, yes, yes, no, na, na, ns, ns, ns, ns, no, no
Nez Perce, ns, ns, ns, ns, ns, ns, ns, ns, ns, ns, no, na, yes, ns, yes, ns, ns, ns, ns, no, yes, no, yes, yes, yes, ns, na, yes, no, yes, no, ns, ns, ns, ns, ns, ns, ns, ns, ns, ns, ns, ns, yes, no, no, no, no, no, no, no, no, no, no, no, ns, no, yes, ns, ns, ns, ns, ns, ns, ns, ns, ns, ns, ns, ns, ns, ns, ns, ns, ns, ns, ns, ns, ns, ns, ns, ns, ns, ns, ns, ns, ns, ns, ns, ns, ns, no, no
Niuean, no, yes, ns, ns, no, no, yes, no, no, no, ns, ns, ns, ns, ns, ns, ns, ns, ns, ns, ns, ns, ns, ns, ns, ns, ns, ns, ns, ns, ns, ns, ns, ns, ns, ns, ns, ns, ns, ns, ns, ns, ns, ns, ns, ns, ns, ns, ns, ns, ns, ns, ns, ns, ns, ns, ns, ns, ns, ns, ns, ns, ns, ns, ns, ns, ns, ns, ns, ns, ns, ns, ns, ns, ns, ns, ns, ns, ns, ns, ns, ns, ns, ns, ns, ns, ns, ns, ns, ns, ns, ns, ns
Nkore-Kiga, yes, yes, yes, no, yes, ns, ns, ns, ns, ns, ns, ns, ns, ns, ns, ns, ns, ns, ns, ns, ns, ns, ns, ns, ns, ns, ns, ns, ns, ns, ns, ns, ns, ns, ns, ns, ns, ns, ns, ns, ns, ns, ns, ns, ns, ns, ns, ns, ns, ns, ns, ns, ns, ns, ns, ns, ns, ns, ns, ns, ns, ns, ns, ns, ns, ns, ns, ns, ns, ns, ns, ns, yes, no, no, ns, yes, no, ns, ns, ns, ns, ns, ns, ns, ns, ns, yes, no, ns, ns, ns, ns
Northern Thai, yes, no, yes, no, yes, no, no, no, no, no, yes, no, no, yes, yes, yes, no, yes, no, yes, no, yes, no, no, no, yes, ns, yes, no, ns, ns, ns, ns, ns, no, ns, no, yes, ns, ns, no, ns, ns, yes, no, no, no, no, no, no, no, no, no, no, no, no, no, no, no, yes, no, no, no, no, no, yes, no, no, yes, no, yes, no, no, no, no, ns, yes, yes, no, ns, ns, no, ns, ns, no, ns, ns, yes, ns, ns, ns, no, no
Norwegian, yes, no, yes, no, yes, no, no, no, no, no, yes, yes, yes, no, yes, no, yes, no, yes, yes, yes, yes, yes, yes, yes, yes, yes, yes, no, yes, no, no, yes, no, yes, no, yes, yes, no, no, no, no, yes, yes, yes, no, no, no, no, no, no, no, no, no, no, no, no, yes, no, no, no, no, no, yes, no, no, no, no, no, no, no, no, no, yes, yes, no, yes, no, no, no, no, no, no, no, yes, no, no, no, yes, yes, no, yes, yes
Nupe, yes, no, yes, yes, yes, yes, no, no, no, no, yes, yes, no, yes, no, yes, no, yes, no, yes, no, yes, no, no, na, na, na, yes, yes, yes, no, yes, no, yes, no, yes, no, yes, yes, no, no, no, no, yes, yes, no, no, no, no, yes, no, no, no, no, no, no, no, no, no, yes, no, no, no, no, no, yes, no, no, no, yes, yes, no, no, no, no, no, yes, no, no, no, no, no, no, no, yes, no, no, yes, no, no, yes, no, no
Nweh, yes, no, yes, no, yes, no, no, no, no, no, yes, no, yes, yes, no, yes, no, yes, no, yes, no, yes, yes, yes, yes, ns, na, yes, no, yes, no, no, no, yes, no, yes, ns, yes, ns, no, ns, ns, no, yes, yes, no, no, yes, no, no, no, no, no, no, no, no, no, no, no, yes, ns, no, yes, no, no, yes, yes, no, no, no, yes, no, no, no, no, no, yes, no, no, no, no, no, no, no, no, no, ns, yes, yes, no, yes, no, no
Occitan, yes, ns, yes, ns, yes, ns, no, ns, no, ns, ns, ns, yes, yes, yes, ns, yes, yes, ns, yes, ns, ns, ns, ns, yes, no, yes, yes, no, ns, ns, ns, ns, ns, ns, ns, ns, ns, ns, ns, ns, ns, ns, ns, ns, ns, ns, ns, ns, ns, ns, ns, ns, ns, ns, ns, ns, yes, yes, yes, ns, no, no, ns, ns, ns, ns, ns, ns, ns, ns, ns, ns, ns, ns, ns, ns, ns, ns, ns, ns, ns, ns, ns, ns, ns, ns, ns, ns, ns, ns, ns, ns
Odia (Oriya), yes, ns, ns, ns, yes, yes, ns, ns, ns, ns, yes, ns, ns, ns, ns, ns, ns, ns, ns, ns, ns, ns, ns, ns, ns, yes, ns, ns, yes, ns, ns, ns, ns, ns, ns, ns, ns, ns, ns, ns, ns, ns, ns, ns, ns, ns, ns, ns, ns, ns, ns, ns, ns, ns, ns, ns, ns, ns, ns, ns, ns, ns, ns, ns, ns, ns, ns, ns, ns, ns, ns, ns, ns, ns, ns, ns, ns, ns, ns, ns, ns, ns, ns, ns, ns, ns, ns, ns, ns, ns, ns, ns, ns
Oevdalian, ns, ns, ns, ns, ns, ns, ns, ns, ns, ns, ns, ns, ns, ns, ns, ns, ns, ns, ns, ns, ns, ns, ns, ns, ns, ns, ns, ns, yes, ns, ns, yes, ns, ns, ns, ns, ns, ns, ns, ns, ns, ns, ns, ns, ns, ns, ns, ns, ns, ns, ns, ns, ns, ns, ns, ns, ns, ns, ns, ns, ns, ns, ns, ns, ns, ns, ns, ns, ns, ns, ns, ns, ns, ns, ns, ns, ns, ns, ns, ns, ns, ns, ns, ns, ns, ns, ns, ns, ns, ns, ns, ns, ns
Okinawan, yes, no, no, yes, no, yes, no, no, yes, no, no, yes, yes, no, yes, yes, yes, no, yes, no, yes, no, no, no, yes, no, na, no, yes, no, yes, ns, yes, yes, yes, no, no, yes, yes, no, no, no, no, no, yes, no, no, no, no, no, no, no, no, no, no, ns, ns, yes, no, no, no, yes, no, yes, no, no, no, yes, no, ns, ns, ns, ns, ns, ns, ns, ns, ns, ns, ns, ns, ns, ns, ns, ns, ns, ns, ns, ns, ns, ns, no, no
Old English, yes, no, yes, yes, yes, yes, no, no, no, no, yes, yes, yes, yes, yes, yes, yes, no, yes, yes, yes, yes, yes, yes, yes, yes, yes, yes, no, yes, no, na, yes, no, yes, no, yes, yes, no, no, no, no, no, yes, no, no, no, no, no, no, no, no, no, yes, no, no, no, yes, yes, no, yes, no, no, yes, yes, no, no, no, no, no, no, no, no, yes, yes, no, yes, no, no, no, no, no, no, no, ns, no, no, na, yes, yes, yes, yes, yes
Old French, yes, ns, no, ns, yes, yes, yes, no, ns, ns, yes, no, yes, yes, yes, ns, yes, ns, yes, ns, ns, ns, yes, ns, yes, ns, yes, yes, no, ns, ns, ns, ns, ns, ns, ns, ns, ns, ns, ns, ns, ns, ns, yes, no, no, no, no, no, na, na, no, no, ns, ns, ns, ns, ns, yes, ns, ns, ns, no, ns, ns, ns, ns, ns, ns, ns, ns, ns, ns, ns, ns, ns, ns, ns, ns, ns, ns, ns, ns, ns, ns, ns, ns, ns, ns, ns, ns, yes, ns
Oluwanga, yes, no, yes, no, yes, no, no, no, no, no, yes, no, yes, no, yes, no, yes, no, no, yes, no, yes, yes, yes, no, yes, na, yes, no, yes, no, ns, no, yes, no, yes, no, yes, no, no, no, no, no, no, yes, yes, no, no, no, no, no, no, no, no, no, no, no, ns, ns, ns, ns, ns, ns, ns, ns, ns, ns, ns, ns, ns, ns, ns, ns, ns, ns, ns, ns, ns, ns, ns, ns, ns, ns, ns, ns, ns, ns, ns, ns, ns, ns, ns, ns
One, yes, no, yes, no, yes, no, no, no, no, no, yes, yes, yes, yes, yes, yes, yes, yes, yes, yes, yes, yes, yes, yes, yes, yes, na, yes, yes, yes, yes, yes, yes, yes, yes, yes, na, no, yes, no, no, no, no, yes, yes, no, no, no, no, no, no, no, no, yes, yes, yes, no, yes, yes, yes, no, yes, yes, yes, yes, yes, no, no, yes, ns, ns, ns, ns, ns, ns, ns, ns, ns, ns, ns, ns, ns, ns, ns, ns, ns, ns, ns, ns, ns, ns, no, no
Palue, yes, no, yes, yes, yes, no, no, no, yes, no, yes, no, no, yes, no, yes, no, yes, yes, yes, ns, ns, no, no, no, yes, na, yes, no, yes, no, yes, ns, ns, ns, ns, ns, ns, ns, ns, ns, ns, ns, ns, ns, ns, ns, ns, ns, ns, ns, ns, ns, ns, ns, ns, ns, no, no, yes, no, no, no, ns, ns, ns, ns, ns, ns, ns, ns, ns, ns, ns, ns, ns, ns, ns, ns, ns, ns, ns, ns, ns, ns, ns, ns, ns, ns, ns, ns, ns, ns
panjabi, yes, no, no, yes, no, yes, no, no, no, no, no, yes, yes, no, yes, no, yes, no, yes, no, yes, no, yes, yes, yes, yes, no, yes, yes, yes, yes, no, yes, no, yes, no, no, ns, ns, ns, ns, ns, ns, yes, no, no, no, no, no, no, no, no, no, no, no, no, no, yes, no, no, no, no, no, yes, no, no, no, no, no, ns, ns, ns, ns, ns, ns, ns, ns, ns, ns, ns, ns, ns, ns, ns, ns, ns, ns, ns, ns, ns, ns, no, no
Papuan Malay, yes, no, yes, no, yes, no, no, no, no, no, yes, no, no, yes, yes, no, yes, yes, yes, no, yes, no, no, no, yes, yes, ns, yes, no, yes, no, ns, yes, no, yes, no, no, no, no, no, no, no, no, yes, no, no, no, no, no, no, no, no, no, no, yes, no, no, no, yes, yes, no, no, no, yes, no, no, no, no, yes, ns, ns, ns, ns, ns, ns, ns, ns, ns, ns, ns, ns, ns, ns, ns, ns, ns, ns, ns, ns, ns, ns, no, no
Pashto, yes, no, no, yes, no, yes, no, no, no, no, yes, yes, yes, no, yes, no, yes, no, yes, no, yes, no, yes, yes, yes, no, na, yes, no, yes, no, yes, yes, no, yes, no, no, no, ns, no, no, no, no, no, no, yes, no, no, no, no, no, no, no, no, no, no, no, yes, no, no, no, no, no, yes, no, no, no, no, no, yes, no, no, yes, no, no, no, yes, no, no, no, no, no, no, no, ns, ns, no, ns, ns, no, no, no, no
Pima, yes, yes, yes, yes, yes, yes, yes, yes, yes, yes, yes, yes, yes, no, yes, no, yes, no, yes, yes, yes, no, yes, yes, yes, no, no, yes, no, yes, no, ns, yes, no, yes, no, no, no, ns, no, no, no, no, yes, no, no, no, no, no, no, no, no, no, no, no, no, no, yes, no, no, no, no, no, yes, no, no, no, no, no, ns, ns, ns, ns, ns, ns, ns, ns, ns, ns, ns, ns, ns, ns, ns, ns, ns, ns, ns, ns, ns, ns, no, no
Polish, yes, yes, yes, yes, yes, yes, no, no, no, yes, yes, no, yes, yes, yes, no, yes, yes, no, yes, yes, yes, yes, yes, yes, no, no, yes, no, yes, no, no, yes, no, yes, yes, yes, yes, no, no, no, no, no, yes, no, no, no, no, no, no, no, no, no, no, no, no, no, yes, yes, no, yes, no, no, yes, no, no, no, yes, no, yes, no, no, yes, yes, yes, no, yes, yes, yes, no, yes, no, ns, ns, ns, ns, ns, ns, ns, ns, ns, no, no
Q'anjob'al, no, yes, yes, no, no, no, yes, no, no, no, yes, no, yes, no, yes, no, no, yes, no, yes, yes, no, no, ns, yes, no, na, yes, no, yes, no, ns, yes, no, yes, no, ns, ns, ns, ns, ns, ns, no, yes, no, no, no, no, no, no, no, no, no, ns, ns, ns, ns, no, no, no, no, no, yes, no, no, no, no, no, yes, yes, no, yes, yes, no, no, ns, yes, ns, ns, ns, ns, ns, ns, ns, yes, no, ns, ns, ns, ns, ns, no, ns
Q'eqchi', yes, yes, ns, ns, ns, ns, ns, ns, ns, ns, ns, ns, ns, ns, ns, ns, ns, ns, ns, ns, ns, ns, ns, ns, ns, ns, ns, ns, ns, ns, ns, ns, ns, ns, ns, ns, ns, ns, ns, ns, ns, ns, ns, ns, ns, ns, ns, ns, ns, ns, ns, ns, ns, ns, ns, ns, ns, ns, ns, ns, ns, ns, ns, ns, ns, ns, ns, ns, ns, ns, ns, ns, ns, ns, ns, ns, ns, ns, ns, ns, ns, ns, ns, ns, ns, ns, ns, ns, ns, ns, ns, ns, ns
Romanian, yes, yes, yes, no, yes, no, yes, yes, no, no, yes, no, yes, yes, yes, no, yes, yes, no, yes, ns, ns, yes, yes, yes, no, yes, yes, no, yes, no, yes, ns, ns, ns, ns, ns, ns, ns, ns, ns, ns, ns, yes, no, no, no, no, no, no, no, no, no, ns, no, no, no, yes, yes, no, yes, no, no, ns, ns, ns, ns, ns, ns, ns, ns, ns, ns, ns, ns, ns, ns, ns, ns, ns, ns, ns, ns, ns, ns, ns, ns, ns, ns, ns, ns, ns, no
Russian, yes, yes, yes, yes, yes, no, no, no, no, no, yes, no, yes, no, yes, no, yes, no, yes, yes, yes, yes, yes, yes, yes, no, na, yes, no, yes, no, yes, yes, yes, yes, no, no, yes, no, no, no, no, no, ns, no, ns, no, no, no, no, no, no, no, no, no, yes, no, yes, no, no, no, no, no, yes, yes, no, no, yes, yes, no, no, yes, yes, yes, yes, yes, yes, yes, yes, yes, yes, no, yes, yes, yes, no, ns, no, yes, ns, ns, no, no
Salasaca Quichua, yes, no, yes, yes, yes, yes, no, no, no, no, no, yes, yes, no, yes, no, yes, no, yes, no, yes, no, no, no, yes, no, no, yes, yes, no, yes, no, ns, ns, ns, ns, ns, ns, ns, ns, ns, ns, ns, no, no, no, yes, no, no, no, no, no, no, no, no, no, no, yes, no, no, no, no, no, ns, ns, ns, ns, ns, ns, ns, ns, ns, ns, ns, ns, ns, ns, ns, ns, ns, ns, ns, ns, ns, ns, ns, ns, ns, ns, ns, ns, no, no
Samoan, no, yes, yes, no, no, no, yes, yes, no, no, yes, no, no, yes, yes, yes, yes, yes, no, yes, yes, no, yes, yes, no, yes, na, yes, no, yes, no, no, yes, yes, ns, ns, ns, ns, ns, no, ns, ns, no, yes, no, no, no, no, no, no, no, no, no, no, no, no, no, ns, ns, yes, ns, no, no, ns, ns, yes, yes, no, ns, yes, no, yes, yes, no, no, ns, yes, ns, ns, ns, ns, ns, ns, ns, ns, ns, yes, ns, ns, ns, ns, no, no
San Dionisio Ocotepec Zapotec, no, yes, yes, no, no, no, yes, no, no, no, yes, yes, no, yes, yes, yes, no, yes, yes, yes, no, yes, no, no, ns, ns, no, yes, no, ns, ns, ns, yes, no, yes, no, no, no, yes, no, no, no, no, no, yes, no, no, yes, yes, no, no, no, no, ns, ns, yes, ns, no, no, yes, no, no, no, ns, ns, ns, ns, ns, ns, yes, no, no, no, no, no, no, ns, ns, ns, ns, ns, ns, ns, ns, ns, ns, ns, ns, ns, ns, ns, no, no
Sandawe, yes, no, no, yes, no, yes, no, no, no, no, no, yes, no, yes, no, yes, yes, yes, yes, yes, yes, yes, yes, yes, yes, yes, na, no, yes, no, yes, no, no, yes, no, yes, yes, yes, no, no, no, yes, yes, no, no, no, yes, no, no, no, no, no, no, no, no, no, no, no, yes, no, yes, no, no, no, yes, no, yes, no, no, no, yes, yes, yes, no, no, ns, yes, ns, ns, ns, ns, ns, ns, ns, ns, ns, ns, ns, ns, no, no, no, no
Saramaccan, yes, no, yes, no, yes, no, no, no, ns, no, ns, ns, yes, ns, ns, no, ns, ns, yes, ns, ns, ns, no, no, ns, yes, ns, ns, ns, yes, ns, ns, ns, ns, ns, ns, ns, ns, ns, ns, ns, ns, ns, ns, ns, ns, ns, ns, ns, ns, ns, ns, ns, ns, ns, ns, ns, ns, ns, ns, ns, ns, ns, ns, ns, ns, ns, ns, ns, ns, ns, ns, ns, ns, ns, ns, ns, ns, ns, ns, ns, ns, ns, ns, ns, ns, ns, ns, ns, ns, ns, ns, ns
Saweru, yes, no, yes, yes, yes, yes, no, no, no, no, yes, yes, no, yes, no, yes, no, yes, yes, no, ns, ns, no, yes, ns, ns, ns, ns, ns, ns, ns, ns, ns, ns, ns, ns, ns, ns, ns, ns, ns, ns, ns, ns, ns, ns, ns, ns, ns, ns, ns, ns, ns, ns, ns, ns, ns, no, no, yes, no, no, no, ns, ns, ns, ns, ns, ns, ns, ns, ns, ns, ns, ns, ns, ns, ns, ns, ns, ns, ns, ns, ns, ns, ns, ns, ns, ns, ns, ns, ns, ns
Scottish Gaelic, no, yes, yes, yes, no, no, yes, no, no, no, yes, no, no, yes, yes, no, no, yes, yes, yes, yes, no, yes, no, yes, no, no, yes, no, yes, no, ns, yes, no, yes, no, yes, yes, no, no, no, no, ns, yes, no, no, no, no, no, no, no, no, no, no, no, no, no, no, no, yes, no, no, no, no, no, no, no, no, yes, ns, ns, ns, ns, ns, ns, ns, ns, ns, ns, ns, ns, ns, ns, ns, ns, ns, ns, ns, ns, ns, ns, no, no
Senaya, yes, no, no, yes, yes, yes, no, no, no, no, yes, no, no, yes, yes, no, yes, no, no, yes, no, yes, yes, yes, yes, no, no, ns, ns, ns, ns, ns, yes, no, yes, no, ns, ns, ns, ns, ns, no, no, ns, no, yes, no, ns, ns, no, no, no, ns, ns, ns, ns, ns, no, yes, no, no, ns, ns, ns, ns, ns, ns, ns, ns, ns, ns, ns, ns, ns, ns, ns, ns, ns, ns, ns, ns, ns, ns, ns, ns, ns, ns, ns, ns, ns, ns, ns, ns
Serbian, yes, ns, ns, ns, yes, ns, ns, ns, ns, ns, yes, no, yes, ns, yes, no, yes, no, yes, ns, ns, ns, yes, yes, yes, no, ns, yes, no, yes, no, ns, ns, ns, ns, ns, ns, ns, ns, ns, ns, ns, ns, ns, ns, ns, ns, ns, ns, ns, ns, ns, ns, ns, ns, ns, ns, yes, ns, no, no, no, no, ns, ns, ns, ns, ns, ns, ns, ns, ns, ns, ns, ns, ns, ns, ns, ns, ns, ns, ns, ns, ns, ns, ns, ns, ns, ns, ns, ns, ns, ns
Shan, yes, no, yes, no, yes, no, no, no, no, no, ns, ns, no, yes, no, yes, no, yes, no, yes, ns, ns, ns, ns, ns, ns, ns, ns, ns, ns, ns, ns, ns, ns, ns, ns, ns, ns, ns, ns, ns, ns, ns, ns, ns, no, no, no, ns, no, no, no, no, no, no, no, no, no, no, yes, no, no, no, no, no, yes, no, no, no, yes, yes, no, no, no, no, ns, yes, yes, ns, ns, ns, no, ns, ns, ns, ns, ns, yes, ns, ns, ns, ns, ns
Shupamem, yes, no, yes, no, yes, no, no, no, no, no, yes, no, yes, yes, yes, yes, no, yes, no, yes, no, yes, yes, yes, yes, no, no, yes, yes, yes, no, yes, yes, ns, no, yes, no, yes, yes, no, yes, yes, no, yes, yes, no, no, yes, no, no, yes, no, no, yes, yes, yes, yes, no, no, yes, yes, no, yes, yes, yes, yes, yes, yes, yes, no, yes, no, yes, no, no, ns, yes, no, no, no, no, no, no, no, yes, no, no, no, yes, yes, no, no, no
Skou, yes, no, yes, yes, yes, yes, no, no, no, no, yes, yes, no, yes, no, yes, no, yes, yes, no, yes, no, yes, yes, no, yes, na, no, yes, no, no, yes, no, yes, no, yes, yes, yes, no, no, yes, no, no, no, yes, no, no, no, no, no, no, no, no, no, no, no, no, no, no, yes, no, no, no, no, no, yes, no, no, no, no, no, no, yes, no, no, na, no, yes, yes, yes, na, yes, ns, ns, ns, ns, ns, ns, ns, ns, ns, no, no
Slovenian, yes, no, yes, yes, yes, no, no, no, no, no, yes, no, yes, yes, yes, no, yes, no, yes, yes, yes, no, yes, yes, yes, no, no, yes, no, yes, no, ns, yes, no, yes, no, ns, ns, ns, ns, ns, ns, ns, ns, no, yes, no, ns, ns, no, no, no, no, ns, ns, ns, ns, yes, yes, no, no, no, no, ns, ns, ns, ns, ns, ns, ns, ns, ns, ns, ns, ns, ns, ns, ns, ns, ns, ns, ns, ns, ns, ns, ns, ns, ns, ns, ns, ns, ns, ns
Spanish, yes, yes, yes, no, yes, no, no, no, no, no, yes, no, yes, yes, yes, no, yes, no, no, yes, yes, yes, yes, yes, yes, no, no, yes, no, yes, no, yes, yes, no, yes, no, yes, yes, no, no, no, no, no, yes, no, no, no, no, no, no, no, no, no, no, no, no, no, yes, yes, no, no, no, no, yes, no, no, no, no, yes, no, no, no, yes, yes, yes, no, yes, no, no, no, no, no, no, no, no, yes, no, no, yes, no, no, no, yes
St'át'imcets, ns, yes, yes, no, ns, no, yes, yes, no, no, yes, no, yes, no, yes, no, ns, ns, ns, ns, ns, ns, ns, ns, ns, ns, ns, ns, ns, ns, ns, ns, ns, ns, ns, ns, ns, ns, ns, ns, ns, ns, ns, ns, ns, ns, ns, ns, ns, ns, ns, ns, ns, ns, ns, ns, ns, ns, ns, ns, ns, ns, ns, ns, ns, ns, ns, ns, ns, ns, ns, ns, ns, ns, ns, ns, ns, ns, ns, ns, ns, ns, ns, ns, ns, ns, ns, ns, ns, ns, ns, ns, ns
Swedish, yes, no, yes, no, yes, no, no, no, no, no, yes, no, yes, no, yes, no, yes, no, yes, yes, yes, no, yes, yes, yes, yes, no, yes, no, yes, no, no, yes, no, yes, no, yes, yes, no, no, no, no, yes, yes, yes, no, no, no, no, no, no, no, no, no, no, no, no, yes, no, no, no, no, no, yes, no, no, no, no, no, no, no, no, no, yes, yes, no, yes, no, no, no, no, no, no, no, yes, no, no, no, yes, yes, no, yes, yes
Swiss German, yes, no, yes, yes, yes, yes, no, no, no, no, yes, yes, yes, no, yes, no, yes, no, yes, yes, yes, no, ns, no, yes, yes, yes, yes, no, yes, no, yes, yes, no, yes, no, yes, yes, no, no, no, no, no, yes, ns, ns, no, no, no, no, no, no, no, no, no, no, no, yes, ns, no, ns, no, no, yes, no, no, no, no, no, ns, ns, ns, ns, ns, yes, no, ns, ns, ns, ns, ns, ns, ns, ns, ns, ns, ns, ns, ns, ns, ns, ns, ns
Tagalog, no, yes, yes, no, no, no, yes, yes, no, no, yes, no, yes, yes, yes, no, yes, yes, no, yes, yes, yes, yes, yes, yes, no, no, yes, no, yes, no, na, yes, no, yes, no, no, yes, yes, no, no, no, no, no, no, no, no, yes, no, no, no, no, no, no, no, yes, yes, yes, yes, no, no, no, yes, yes, no, no, no, no, yes, no, no, yes, no, no, no, yes, yes, yes, yes, yes, yes, no, no, no, ns, ns, ns, ns, ns, ns, ns, no, no
Taiwanese Southern Min, yes, yes, yes, no, yes, no, no, no, no, no, yes, no, yes, no, yes, yes, yes, no, yes, no, yes, no, no, no, yes, no, no, yes, no, yes, no, yes, yes, no, yes, no, no, yes, no, no, no, no, no, yes, no, no, no, yes, no, no, no, no, no, no, no, no, no, yes, no, no, no, no, no, yes, no, no, no, no, no, no, yes, yes, no, no, no, no, yes, yes, yes, yes, no, yes, no, no, no, yes, yes, yes, yes, no, no, no, no
Tarascan, yes, yes, yes, ns, yes, ns, ns, ns, ns, ns, no, yes, yes, yes, yes, yes, yes, yes, yes, yes, ns, ns, yes, yes, yes, ns, ns, yes, no, yes, no, yes, ns, ns, ns, ns, ns, ns, ns, ns, ns, ns, ns, ns, ns, ns, ns, ns, ns, ns, ns, ns, ns, ns, ns, ns, ns, yes, yes, ns, ns, no, ns, ns, ns, ns, ns, ns, ns, ns, ns, ns, ns, ns, ns, ns, ns, ns, ns, ns, ns, ns, ns, ns, ns, ns, ns, ns, ns, ns, ns, ns, ns
Telugu, yes, ns, ns, ns, ns, ns, ns, ns, ns, ns, ns, ns, ns, ns, ns, ns, ns, ns, ns, ns, ns, ns, ns, ns, ns, ns, ns, ns, ns, ns, ns, ns, ns, ns, ns, ns, ns, ns, ns, ns, ns, ns, ns, ns, ns, ns, ns, ns, ns, ns, ns, ns, ns, ns, ns, ns, ns, ns, ns, ns, ns, ns, ns, ns, ns, ns, ns, ns, ns, ns, ns, ns, ns, ns, ns, ns, ns, ns, ns, ns, ns, ns, ns, ns, ns, ns, ns, ns, ns, ns, ns, ns, ns
Thai, yes, no, yes, no, yes, no, no, no, yes, no, yes, no, no, yes, no, yes, no, yes, no, yes, no, yes, no, no, no, yes, no, yes, no, yes, no, ns, no, yes, no, yes, no, yes, no, na, no, no, no, yes, no, no, no, no, no, no, no, no, no, yes, yes, no, no, no, no, yes, no, no, no, no, no, yes, no, no, no, no, yes, no, no, no, no, no, yes, yes, yes, yes, yes, no, ns, ns, yes, yes, yes, yes, ns, ns, ns, no, no
Tigre, yes, no, no, yes, no, yes, no, no, no, no, yes, no, yes, yes, yes, no, yes, no, no, yes, no, yes, yes, na, yes, no, na, na, na, yes, yes, ns, yes, na, yes, no, yes, yes, yes, ns, ns, yes, yes, yes, ns, yes, ns, ns, ns, ns, ns, ns, ns, ns, ns, ns, ns, yes, ns, ns, ns, ns, ns, ns, ns, ns, ns, ns, ns, ns, ns, ns, ns, ns, ns, ns, yes, ns, ns, ns, ns, ns, ns, ns, ns, ns, ns, ns, ns, ns, ns, ns, ns
Titan, yes, no, yes, no, yes, no, no, no, no, no, yes, no, no, yes, yes, yes, yes, yes, no, yes, no, yes, no, yes, yes, no, no, yes, yes, no, yes, yes, ns, ns, ns, ns, ns, ns, ns, ns, ns, ns, ns, yes, yes, no, no, no, no, na, na, no, no, no, no, no, no, no, yes, no, no, no, no, ns, ns, ns, ns, ns, ns, ns, ns, ns, ns, ns, ns, ns, ns, ns, ns, ns, ns, ns, ns, ns, ns, ns, ns, ns, ns, ns, ns, no, no
Tiwa, yes, no, no, yes, no, yes, no, no, no, no, no, yes, yes, yes, ns, yes, yes, no, yes, no, yes, no, no, no, yes, no, ns, ns, ns, ns, ns, ns, ns, ns, ns, ns, ns, ns, ns, ns, ns, ns, ns, no, ns, no, ns, ns, no, no, no, no, no, ns, ns, ns, ns, ns, ns, no, no, no, no, ns, ns, no, no, no, no, ns, ns, ns, ns, ns, ns, ns, ns, ns, ns, ns, ns, ns, ns, ns, ns, ns, ns, ns, ns, ns, ns, ns, ns
Tlingit, yes, yes, yes, yes, yes, yes, yes, yes, yes, yes, no, yes, yes, yes, yes, no, yes, no, yes, no, ns, ns, no, no, yes, no, no, no, yes, ns, ns, yes, ns, ns, ns, ns, ns, ns, ns, ns, ns, ns, ns, yes, no, yes, yes, no, no, no, no, no, no, no, no, no, no, yes, yes, no, no, no, no, ns, ns, ns, ns, ns, ns, ns, ns, ns, ns, ns, ns, ns, ns, ns, ns, ns, ns, ns, ns, ns, ns, ns, ns, ns, ns, ns, ns, ns, no
Tommo-So, yes, no, no, yes, no, yes, no, no, no, no, no, yes, no, yes, no, yes, no, yes, yes, no, no, yes, no, no, yes, no, yes, no, yes, no, yes, ns, no, yes, no, yes, yes, yes, no, no, no, no, no, no, no, no, yes, no, ns, no, yes, no, no, no, no, no, no, no, no, yes, no, no, no, no, no, yes, yes, no, no, no, yes, no, yes, no, no, ns, no, yes, no, yes, no, no, ns, ns, no, ns, ns, ns, ns, ns, ns, no, no
Tongan, no, yes, yes, no, no, no, yes, yes, no, no, yes, no, yes, yes, yes, yes, no, yes, no, yes, yes, no, yes, yes, no, yes, na, yes, no, yes, no, no, ns, ns, ns, ns, ns, ns, ns, ns, ns, ns, ns, no, no, no, no, yes, yes, no, no, no, no, no, no, no, no, no, no, yes, ns, no, yes, ns, ns, ns, ns, ns, ns, ns, ns, ns, ns, ns, ns, ns, ns, ns, ns, ns, ns, ns, ns, ns, ns, ns, ns, ns, ns, ns, ns, no, no
Triqui Copala, no, yes, yes, no, no, no, yes, no, no, no, yes, yes, no, yes, yes, no, no, yes, yes, yes, no, yes, no, no, no, yes, no, yes, no, yes, no, ns, yes, no, yes, no, no, no, yes, no, ns, no, no, yes, no, no, no, no, no, yes, no, no, no, no, no, no, no, no, no, yes, no, no, no, no, ns, ns, ns, ns, ns, no, yes, no, no, no, no, no, ns, ns, ns, ns, ns, ns, ns, ns, ns, ns, ns, ns, ns, ns, ns, ns, ns
Tukang Besi, yes, yes, yes, no, yes, no, yes, yes, no, no, yes, no, no, yes, no, yes, no, yes, no, yes, no, yes, no, yes, yes, no, na, yes, no, yes, no, yes, no, yes, no, yes, na, yes, yes, no, no, no, no, yes, no, no, no, no, no, no, no, no, no, no, no, no, no, no, no, yes, no, no, no, no, no, yes, no, no, no, no, yes, no, yes, no, no, no, no, yes, no, no, no, no, no, no, no, yes, no, ns, ns, ns, ns, no, no
Tuki (Tukombo), yes, no, yes, no, yes, no, no, no, no, no, yes, no, yes, yes, no, yes, no, yes, no, yes, no, yes, yes, no, no, no, na, yes, no, yes, no, ns, ns, ns, ns, ns, ns, ns, ns, ns, ns, ns, ns, yes, no, no, no, no, no, no, no, no, no, no, no, no, no, no, no, yes, no, no, yes, ns, ns, ns, ns, ns, ns, ns, ns, ns, ns, ns, ns, ns, ns, ns, ns, ns, ns, ns, ns, ns, ns, ns, ns, ns, ns, ns, ns, no, no
Turkish, yes, yes, yes, yes, yes, yes, yes, yes, yes, yes, no, yes, yes, no, yes, no, yes, no, yes, no, yes, yes, no, yes, yes, no, no, na, na, no, yes, no, yes, no, yes, no, no, yes, no, no, yes, no, no, no, no, no, yes, no, no, no, no, no, no, yes, yes, yes, yes, yes, no, no, no, no, no, yes, no, no, no, no, no, no, no, yes, yes, no, no, yes, yes, yes, no, no, yes, no, yes, yes, yes, no, yes, ns, yes, no, no, no, no
Tuvan, yes, no, no, yes, no, yes, no, no, no, no, no, yes, yes, no, yes, no, yes, no, yes, no, yes, no, ns, na, yes, yes, na, no, yes, ns, yes, ns, yes, no, yes, no, no, no, no, no, no, no, no, no, ns, ns, ns, no, no, no, no, no, no, ns, ns, ns, ns, yes, no, no, no, no, no, yes, no, no, no, no, no, ns, ns, ns, ns, ns, ns, ns, ns, ns, ns, ns, ns, ns, ns, ns, ns, ns, ns, ns, ns, ns, ns, no, no
Twi, yes, no, yes, no, yes, no, no, no, no, no, no, yes, no, yes, no, yes, no, yes, yes, no, yes, no, no, no, no, yes, no, yes, no, yes, yes, yes, no, yes, no, yes, yes, no, no, no, no, no, no, no, no, yes, no, no, no, no, no, no, no, no, no, no, no, no, no, yes, no, no, no, no, no, yes, no, no, no, no, yes, no, no, no, no, no, yes, no, no, no, no, no, no, no, yes, no, no, no, yes, no, no, no, no
Udmurt, yes, no, no, yes, no, yes, no, no, no, no, yes, yes, yes, no, yes, no, yes, no, yes, no, yes, no, ns, ns, ns, ns, ns, yes, yes, ns, ns, ns, ns, ns, ns, ns, ns, ns, ns, ns, ns, ns, ns, ns, ns, ns, ns, ns, ns, ns, ns, ns, ns, ns, ns, ns, ns, ns, ns, ns, ns, ns, ns, ns, ns, ns, ns, ns, ns, ns, ns, ns, ns, ns, ns, ns, ns, ns, ns, ns, ns, ns, ns, ns, ns, ns, ns, ns, ns, ns, ns, ns, ns
Ukrainian, yes, yes, yes, yes, yes, no, no, no, no, no, yes, no, yes, no, yes, no, yes, no, yes, yes, yes, no, yes, yes, yes, no, na, yes, no, yes, no, na, yes, yes, yes, no, no, yes, yes, no, no, no, no, yes, no, yes, no, no, no, no, no, no, no, no, no, no, no, yes, no, no, no, no, no, yes, no, no, no, yes, no, ns, ns, ns, ns, ns, ns, ns, ns, ns, ns, ns, ns, ns, ns, ns, ns, ns, ns, ns, ns, ns, ns, no, no
Vata, yes, no, yes, yes, yes, yes, no, no, no, no, no, yes, no, yes, no, yes, yes, yes, yes, no, yes, no, yes, na, na, na, no, yes, no, no, yes, yes, no, yes, no, yes, yes, yes, ns, no, no, no, no, yes, no, yes, no, yes, no, yes, yes, no, no, no, no, no, no, no, yes, yes, no, no, no, no, yes, yes, ns, no, no, no, yes, yes, no, no, no, no, yes, no, no, no, no, no, no, no, ns, ns, no, yes, ns, ns, ns, no, no
Vietnamese, yes, no, yes, no, yes, no, no, no, no, no, yes, no, no, yes, yes, no, no, yes, no, yes, ns, ns, ns, ns, ns, ns, ns, ns, ns, ns, ns, ns, yes, no, yes, no, no, yes, yes, no, no, no, no, ns, ns, ns, ns, ns, ns, ns, ns, ns, ns, ns, ns, ns, ns, no, no, yes, no, no, no, no, no, no, no, no, yes, yes, yes, yes, no, no, no, no, yes, no, no, no, no, no, no, no, no, yes, no, ns, ns, ns, ns, ns, ns
Vlaški-Žejanski-Istro-Romanian, yes, no, yes, no, yes, no, no, no, no, no, yes, no, yes, yes, yes, no, yes, no, yes, yes, ns, ns, ns, yes, yes, no, ns, yes, no, yes, no, na, yes, no, yes, no, ns, yes, ns, no, no, no, no, ns, ns, ns, ns, ns, ns, ns, ns, ns, ns, ns, ns, ns, ns, yes, yes, no, no, no, no, yes, no, no, no, no, no, ns, ns, ns, ns, ns, ns, ns, ns, ns, ns, ns, ns, ns, ns, ns, ns, ns, ns, ns, ns, ns, ns, ns, ns
Wan, yes, no, no, yes, no, yes, no, no, no, no, no, yes, ns, yes, no, yes, no, yes, yes, no, yes, no, no, no, ns, ns, ns, ns, ns, ns, ns, ns, ns, ns, ns, ns, ns, ns, ns, ns, ns, ns, ns, no, yes, no, no, no, ns, no, no, no, no, ns, ns, ns, ns, no, no, yes, ns, ns, no, no, no, ns, ns, no, no, ns, ns, ns, ns, ns, ns, ns, ns, ns, ns, ns, ns, ns, ns, ns, ns, ns, ns, ns, ns, ns, ns, no, no
Warlpiri, yes, yes, ns, yes, yes, yes, yes, yes, yes, yes, no, ns, na, na, yes, yes, ns, ns, ns, ns, ns, ns, ns, ns, ns, ns, ns, ns, ns, ns, ns, ns, ns, ns, ns, ns, ns, ns, ns, ns, ns, ns, ns, ns, ns, no, yes, yes, no, no, no, no, no, ns, ns, ns, ns, ns, ns, ns, ns, ns, ns, ns, ns, ns, ns, ns, ns, no, ns, ns, yes, ns, ns, ns, ns, ns, ns, ns, ns, ns, ns, ns, ns, ns, ns, ns, ns, ns, ns, no, ns
Welsh, no, yes, yes, no, no, no, yes, no, no, no, yes, no, ns, yes, yes, no, no, yes, no, yes, yes, yes, yes, no, yes, yes, na, yes, no, yes, no, ns, yes, no, yes, no, ns, ns, ns, ns, ns, ns, ns, ns, ns, ns, ns, ns, ns, ns, ns, ns, ns, ns, ns, ns, ns, ns, ns, ns, ns, ns, ns, ns, ns, ns, ns, ns, ns, ns, ns, ns, ns, ns, ns, ns, ns, ns, ns, ns, ns, ns, ns, ns, ns, ns, ns, ns, ns, ns, ns, ns, ns
West Flemish, yes, no, yes, yes, yes, yes, no, no, no, no, yes, no, yes, no, yes, no, yes, no, yes, yes, yes, no, yes, no, yes, yes, yes, yes, no, yes, no, yes, yes, no, yes, no, yes, yes, no, no, ns, no, no, yes, yes, yes, no, no, no, no, no, no, no, no, no, no, no, yes, no, no, no, no, no, yes, no, no, no, no, no, no, no, no, yes, yes, yes, no, yes, no, no, no, no, no, no, no, yes, no, no, ns, ns, no, yes, yes, yes
Western Armenian, yes, yes, yes, yes, yes, yes, yes, ns, ns, yes, yes, yes, yes, no, yes, no, yes, no, yes, no, yes, ns, no, no, yes, no, no, yes, yes, yes, ns, no, yes, no, yes, no, yes, yes, yes, yes, ns, no, yes, no, no, yes, no, yes, no, no, no, no, no, no, no, no, no, yes, no, no, no, yes, no, yes, no, no, no, yes, no, no, yes, no, yes, no, no, no, yes, yes, ns, yes, yes, no, ns, ns, ns, ns, ns, ns, ns, ns, ns, no, no
Wolane, yes, no, no, yes, no, yes, no, no, yes, no, yes, no, yes, no, yes, no, yes, no, yes, no, no, yes, yes, yes, yes, no, no, no, yes, ns, ns, ns, yes, no, ns, ns, ns, ns, ns, ns, ns, ns, ns, no, no, yes, no, no, no, no, no, no, no, ns, ns, ns, ns, yes, no, no, no, no, no, no, no, no, no, no, no, ns, ns, ns, yes, ns, ns, ns, ns, ns, ns, ns, ns, ns, ns, ns, ns, ns, ns, ns, ns, ns, ns, ns, ns
Wolof, yes, no, yes, no, yes, no, no, no, no, no, yes, no, no, yes, yes, no, no, yes, yes, yes, yes, yes, yes, no, yes, yes, no, yes, no, yes, no, na, yes, no, yes, no, yes, yes, no, yes, no, no, no, no, no, no, yes, no, no, no, no, no, no, ns, ns, ns, ns, no, no, yes, no, no, no, no, no, no, no, no, yes, yes, yes, no, yes, no, no, no, yes, no, no, no, no, no, no, no, yes, ns, no, no, yes, yes, yes, no, no
Yan-nhaŋu, yes, yes, yes, yes, yes, yes, yes, yes, yes, yes, na, na, yes, no, yes, yes, yes, yes, yes, yes, yes, yes, yes, yes, yes, ns, na, yes, no, na, no, ns, ns, ns, ns, ns, ns, ns, ns, ns, ns, ns, ns, yes, no, no, no, ns, ns, no, na, no, ns, ns, ns, ns, ns, yes, yes, ns, ns, no, no, ns, ns, ns, ns, ns, ns, ns, no, ns, ns, no, no, ns, yes, yes, no, yes, yes, na, ns, ns, ns, ns, ns, ns, ns, ns, ns, ns, ns
Yawa, yes, no, yes, yes, yes, yes, no, no, no, no, yes, yes, no, yes, no, yes, no, yes, yes, no, yes, no, no, yes, ns, ns, na, no, yes, ns, yes, ns, ns, ns, ns, ns, no, no, no, no, no, no, no, no, ns, ns, ns, no, no, no, no, no, no, no, no, no, no, no, no, yes, no, no, no, ns, ns, ns, ns, ns, ns, ns, ns, ns, ns, ns, ns, ns, ns, ns, ns, ns, ns, ns, ns, ns, ns, ns, ns, ns, ns, ns, ns, no, no
Yiddish, yes, no, yes, yes, yes, yes, no, no, no, no, yes, no, yes, no, yes, no, yes, no, yes, yes, ns, ns, yes, no, yes, yes, yes, yes, no, yes, no, na, ns, ns, ns, ns, ns, ns, ns, ns, ns, ns, ns, ns, ns, ns, ns, ns, ns, ns, ns, ns, ns, ns, ns, ns, ns, yes, no, no, no, no, no, ns, ns, ns, ns, ns, ns, ns, ns, ns, ns, ns, ns, ns, ns, ns, ns, ns, ns, ns, ns, ns, ns, ns, ns, ns, ns, ns, ns, ns, ns
Yoruba, yes, no, yes, no, yes, no, no, no, no, no, yes, no, no, yes, no, yes, no, yes, no, yes, no, yes, no, no, no, yes, no, yes, no, yes, no, no, no, yes, no, yes, yes, ns, no, no, no, no, no, yes, no, no, no, no, no, no, no, no, no, no, no, no, no, no, no, yes, no, no, no, no, no, yes, yes, no, yes, ns, ns, ns, ns, ns, ns, ns, ns, ns, ns, ns, ns, ns, ns, ns, ns, ns, ns, ns, ns, ns, ns, na, na
Zamboageño Chabacano, yes, yes, yes, no, yes, no, yes, yes, no, no, yes, no, yes, yes, yes, no, yes, no, ns, yes, yes, no, no, no, yes, ns, na, yes, ns, yes, ns, ns, yes, no, yes, no, yes, ns, no, no, no, no, no, yes, no, no, no, ns, ns, no, no, no, no, no, no, no, no, yes, yes, no, no, no, no, yes, no, no, no, no, no, no, no, yes, yes, ns, ns, yes, yes, ns, ns, ns, ns, no, ns, ns, ns, ns, ns, yes, yes, ns, ns, no, no
Zulu, yes, yes, yes, no, yes, no, no, no, no, no, yes, yes, no, yes, no, yes, yes, yes, no, yes, no, yes, yes, yes, no, yes, na, yes, no, yes, no, ns, no, yes, no, yes, no, ns, ns, no, no, no, no, no, no, ns, ns, no, no, no, ns, no, ns, no, no, no, ns, no, yes, yes, ns, no, no, no, yes, ns, ns, no, no, no, yes, ns, yes, no, no, ns, yes, ns, no, no, no, no, no, ns, yes, no, ns, ns, ns, ns, ns, no, no
